,PassengerId,Survived,Pclass,Name,Sex,Age,SibSp,Parch,Ticket,Fare,Cabin,Embarked,Title,Children,group
0,665,1,3.0,"Lindqvist, Mr. Eino William",1,20.0,1,0,STON/O 2. 3101285,13.309546220302375,,PORT S,Mr,False,"(16.336, 32.252]"
1,646,1,1.0,"Harper, Mr. Henry Sleeper",1,48.0,1,0,PC 17572,76.7292,D33,PORT C,Mr,False,"(32.252, 48.168]"
2,181,0,3.0,"Sage, Miss. Constance Gladys",0,22.0,8,2,CA. 2343,69.55,,PORT S,Miss,False,"(16.336, 32.252]"
3,292,1,1.0,"Bishop, Mrs. Dickinson H (Helen Walton)",0,19.0,1,0,11967,91.0792,B49,PORT C,Mrs,False,"(16.336, 32.252]"
4,823,0,1.0,"Reuchlin, Jonkheer. John George",1,38.0,0,0,19972,88.94929842105263,,PORT S,Mr,False,"(32.252, 48.168]"
5,400,1,2.0,"Trout, Mrs. William H (Jessie L)",0,28.0,0,0,240929,12.65,,,Mrs,False,"(16.336, 32.252]"
6,541,1,1.0,"Crosby, Miss. Harriet R",0,36.0,0,2,WE/P 5735,71.0,B22,,Miss,False,"(32.252, 48.168]"
7,341,1,2.0,"Navratil, Master. Edmond Roger",1,2.0,1,1,230080,26.0,F2,,Master,True,"(0.34, 16.336]"
8,581,1,2.0,"Christy, Miss. Julie Rachel",0,25.0,1,1,237789,30.0,,PORT S,Miss,False,"(16.336, 32.252]"
9,843,1,1.0,"Serepeca, Miss. Augusta",0,30.0,0,0,113798,31.0,,PORT C,Miss,False,"(16.336, 32.252]"
10,598,0,3.0,"Johnson, Mr. Alfred",1,49.0,0,0,LINE,13.309546220302375,,PORT S,Mr,False,"(48.168, 64.084]"
11,846,0,3.0,"Abbing, Mr. Anthony",1,42.0,0,0,C.A. 5547,7.55,,PORT S,Mr,False,"(32.252, 48.168]"
12,225,1,1.0,"Hoyt, Mr. Frederick Maxfield",1,38.0,1,0,19943,90.0,C93,,Mr,False,"(32.252, 48.168]"
13,728,1,3.0,"Mannion, Miss. Margareth",0,22.0,0,0,36866,7.7375,,,Miss,False,"(16.336, 32.252]"
14,414,0,2.0,"Cunningham, Mr. Alfred Fleming",1,30.0,0,0,239853,23.173708021390375,,,Mr,False,"(16.336, 32.252]"
15,42,0,2.0,"Turpin, Mrs. William John Robert (Dorothy Ann Wonnacott)",0,27.0,1,0,11668,21.0,,PORT S,Mrs,False,"(16.336, 32.252]"
16,389,0,3.0,"Sadlier, Mr. Matthew",1,30.0,0,0,367655,7.7292,,,Mr,False,"(16.336, 32.252]"
17,739,0,3.0,"Ivanoff, Mr. Kanio",1,30.0,0,0,349201,7.8958,,PORT S,Mr,False,"(16.336, 32.252]"
18,549,0,3.0,"Goldsmith, Mr. Frank John",1,33.0,1,1,363291,20.525,,,Mr,False,"(32.252, 48.168]"
19,681,0,3.0,"Peters, Miss. Katie",0,22.0,0,0,330935,8.1375,,PORT Q,Miss,False,"(16.336, 32.252]"
20,764,1,1.0,"Carter, Mrs. William Ernest (Lucile Polk)",0,36.0,1,2,113760,120.0,B96 B98,PORT S,Mrs,False,"(32.252, 48.168]"
21,316,1,3.0,"Nilsson, Miss. Helmina Josefina",0,26.0,0,0,347470,7.8542,,,Miss,False,"(16.336, 32.252]"
22,438,1,2.0,"Richards, Mrs. Sidney (Emily Hocking)",0,24.0,2,3,29106,18.75,,,Mrs,False,"(16.336, 32.252]"
23,801,0,2.0,"Ponesell, Mr. Martin",1,34.0,0,0,250647,13.0,,PORT S,Mr,False,"(32.252, 48.168]"
24,497,1,1.0,"Eustis, Miss. Elizabeth Mussey",0,54.0,1,0,36947,78.2667,D20,,Miss,False,"(48.168, 64.084]"
25,350,0,3.0,"Dimic, Mr. Jovan",1,42.0,0,0,315088,8.6625,,PORT S,Mr,False,"(32.252, 48.168]"
26,833,0,3.0,"Saad, Mr. Amin",1,30.0,0,0,2671,7.2292,,,Mr,False,"(16.336, 32.252]"
27,509,0,3.0,"Olsen, Mr. Henry Margido",1,28.0,0,0,C 4001,22.525,,PORT S,Mr,False,"(16.336, 32.252]"
28,74,0,3.0,"Chronopoulos, Mr. Apostolos",1,26.0,1,0,2680,14.4542,,PORT C,Mr,False,"(16.336, 32.252]"
29,293,0,2.0,"Levy, Mr. Rene Jacques",1,36.0,0,0,SC/Paris 2163,12.875,D,PORT C,Mr,False,"(32.252, 48.168]"
30,718,1,2.0,"Troutt, Miss. Edwina Celia ""Winnie""",0,27.0,0,0,34218,10.5,E101,PORT S,Miss,False,"(16.336, 32.252]"
31,573,1,1.0,"Flynn, Mr. John Irwin (""Irving"")",1,36.0,0,0,PC 17474,26.3875,E25,,Mr,False,"(32.252, 48.168]"
32,164,0,3.0,"Calic, Mr. Jovo",1,17.0,0,0,315093,8.6625,,,Mr,True,"(16.336, 32.252]"
33,687,0,3.0,"Panula, Mr. Jaako Arnold",1,14.0,4,1,3101295,39.6875,,PORT S,Mr,True,"(0.34, 16.336]"
34,413,1,1.0,"Minahan, Miss. Daisy E",0,33.0,1,0,19928,90.0,C78,PORT Q,Miss,False,"(32.252, 48.168]"
35,434,0,3.0,"Kallio, Mr. Nikolai Erland",1,17.0,0,0,STON/O 2. 3101274,7.125,,PORT S,Mr,True,"(16.336, 32.252]"
36,249,1,1.0,"Beckwith, Mr. Richard Leonard",1,37.0,1,1,11751,52.5542,D35,PORT S,Mr,False,"(32.252, 48.168]"
37,741,1,1.0,"Hawksford, Mr. Walter James",1,30.0,0,0,16988,30.0,D45,,Mr,False,"(16.336, 32.252]"
38,279,0,3.0,"Rice, Master. Eric",1,7.0,4,1,382652,29.125,,PORT Q,Master,True,"(0.34, 16.336]"
39,565,0,3.0,"Meanwell, Miss. (Marion Ogden)",0,22.0,0,0,SOTON/O.Q. 392087,13.309546220302375,,PORT S,Miss,False,"(16.336, 32.252]"
40,55,0,1.0,"Ostby, Mr. Engelhart Cornelius",1,65.0,0,1,113509,61.9792,B30,PORT C,Mr,False,"(64.084, 80.0]"
41,563,0,2.0,"Norman, Mr. Robert Douglas",1,28.0,0,0,218629,13.5,,PORT S,Mr,False,"(16.336, 32.252]"
42,664,0,3.0,"Coleff, Mr. Peju",1,36.0,0,0,349210,7.4958,,PORT S,Mr,False,"(32.252, 48.168]"
43,180,0,3.0,"Leonard, Mr. Lionel",1,36.0,0,0,LINE,13.309546220302375,,,Mr,False,"(32.252, 48.168]"
44,269,1,1.0,"Graham, Mrs. William Thompson (Edith Junkins)",0,58.0,0,1,PC 17582,153.4625,C125,,Mrs,False,"(48.168, 64.084]"
45,709,1,1.0,"Cleaver, Miss. Alice",0,22.0,0,0,113781,151.55,,,Miss,False,"(16.336, 32.252]"
46,90,0,3.0,"Celotti, Mr. Francesco",1,24.0,0,0,343275,13.309546220302375,,PORT S,Mr,False,"(16.336, 32.252]"
47,837,0,3.0,"Pasic, Mr. Jakob",1,21.0,0,0,315097,8.6625,,PORT S,Mr,False,"(16.336, 32.252]"
48,682,1,1.0,"Hassab, Mr. Hammad",1,27.0,0,0,PC 17572,76.7292,D49,,Mr,False,"(16.336, 32.252]"
49,203,0,3.0,"Johanson, Mr. Jakob Alfred",1,34.0,0,0,3101264,6.4958,,,Mr,False,"(32.252, 48.168]"
50,478,0,3.0,"Braund, Mr. Lewis Richard",1,29.0,1,0,3460,7.0458,,,Mr,False,"(16.336, 32.252]"
51,359,1,3.0,"McGovern, Miss. Mary",0,22.0,0,0,330931,7.8792,,,Miss,False,"(16.336, 32.252]"
52,243,0,2.0,"Coleridge, Mr. Reginald Charles",1,29.0,0,0,W./C. 14263,10.5,,,Mr,False,"(16.336, 32.252]"
53,368,1,3.0,"Moussa, Mrs. (Mantoura Boulos)",0,35.0,0,0,2626,7.2292,,,Mrs,False,"(32.252, 48.168]"
54,409,0,3.0,"Birkeland, Mr. Hans Martin Monsen",1,21.0,0,0,312992,7.775,,PORT S,Mr,False,"(16.336, 32.252]"
55,870,1,3.0,"Johnson, Master. Harold Theodor",1,4.0,1,1,347742,11.1333,,PORT S,Master,True,"(0.34, 16.336]"
56,819,0,3.0,"Holm, Mr. John Fredrik Alexander",1,43.0,0,0,C 7075,6.45,,PORT S,Mr,False,"(32.252, 48.168]"
57,891,0,3.0,"Dooley, Mr. Patrick",1,32.0,0,0,370376,7.75,,,Mr,False,"(16.336, 32.252]"
58,401,1,3.0,"Niskanen, Mr. Juha",1,39.0,0,0,STON/O 2. 3101289,7.925,,,Mr,False,"(32.252, 48.168]"
59,149,0,2.0,"Navratil, Mr. Michel (""Louis M Hoffman"")",1,36.5,0,2,230080,26.0,F2,PORT S,Mr,False,"(32.252, 48.168]"
60,91,0,3.0,"Christmann, Mr. Emil",1,29.0,0,0,343276,8.05,,PORT S,Mr,False,"(16.336, 32.252]"
61,317,1,2.0,"Kantor, Mrs. Sinai (Miriam Sternin)",0,24.0,1,0,244367,26.0,,PORT S,Mrs,False,"(16.336, 32.252]"
62,877,0,3.0,"Gustafsson, Mr. Alfred Ossian",1,20.0,0,0,7534,9.8458,,,Mr,False,"(16.336, 32.252]"
63,234,1,3.0,"Asplund, Miss. Lillian Gertrud",0,5.0,4,2,347077,31.3875,,PORT S,Miss,True,"(0.34, 16.336]"
64,537,0,1.0,"Butt, Major. Archibald Willingham",1,45.0,0,0,113050,26.55,B38,PORT S,Mr,False,"(32.252, 48.168]"
65,86,1,3.0,"Backstrom, Mrs. Karl Alfred (Maria Mathilda Gustafsson)",0,33.0,3,0,3101278,15.85,,PORT S,Mrs,False,"(32.252, 48.168]"
66,260,1,2.0,"Parrish, Mrs. (Lutie Davis)",0,50.0,0,1,230433,26.0,,,Mrs,False,"(48.168, 64.084]"
67,866,1,2.0,"Bystrom, Mrs. (Karolina)",0,42.0,0,0,236852,13.0,,,Mrs,False,"(32.252, 48.168]"
68,32,1,1.0,"Spencer, Mrs. William Augustus (Marie Eugenie)",0,35.0,1,0,PC 17569,146.5208,B78,PORT C,Mrs,False,"(32.252, 48.168]"
69,121,0,1.0,"Hickman, Mr. Stanley George",1,21.0,2,0,S.O.C. 14879,73.5,,,Mr,False,"(16.336, 32.252]"
70,879,0,3.0,"Laleff, Mr. Kristo",1,30.0,0,0,349217,7.8958,,PORT S,Mr,False,"(16.336, 32.252]"
71,403,0,3.0,"Jussila, Miss. Mari Aina",0,21.0,1,0,4137,9.825,,,Miss,False,"(16.336, 32.252]"
72,540,1,1.0,"Frolicher, Miss. Hedwig Margaritha",0,22.0,0,2,13568,49.5,B39,,Miss,False,"(16.336, 32.252]"
73,761,0,3.0,"Garfirth, Mr. John",1,30.0,0,0,358585,14.5,,PORT S,Mr,False,"(16.336, 32.252]"
74,840,1,1.0,"Marechal, Mr. Pierre",1,30.0,0,0,11774,88.94929842105263,C47,PORT C,Mr,False,"(16.336, 32.252]"
75,607,0,3.0,"Karaic, Mr. Milan",1,30.0,0,0,349246,7.8958,,PORT S,Mr,False,"(16.336, 32.252]"
76,4,1,1.0,"Futrelle, Mrs. Jacques Heath (Lily May Peel)",0,35.0,1,0,113803,53.1,C123,,Mrs,False,"(32.252, 48.168]"
77,30,0,3.0,"Todoroff, Mr. Lalio",1,30.0,0,0,349216,7.8958,,,Mr,False,"(16.336, 32.252]"
78,456,1,3.0,"Jalsevac, Mr. Ivan",1,29.0,0,0,349240,7.8958,,PORT C,Mr,False,"(16.336, 32.252]"
79,732,0,3.0,"Hassan, Mr. Houssein G N",1,11.0,0,0,2699,18.7875,,PORT C,Mr,True,"(0.34, 16.336]"
80,489,0,3.0,"Somerton, Mr. Francis William",1,30.0,0,0,A.5. 18509,8.05,,,Mr,False,"(16.336, 32.252]"
81,492,0,3.0,"Windelov, Mr. Einar",1,21.0,0,0,SOTON/OQ 3101317,7.25,,PORT S,Mr,False,"(16.336, 32.252]"
82,257,1,1.0,"Thorne, Mrs. Gertrude Maybelle",0,35.0,0,0,PC 17585,79.2,,,Mrs,False,"(32.252, 48.168]"
83,548,1,2.0,"Padro y Manent, Mr. Julian",1,30.0,0,0,SC/PARIS 2146,13.8625,,,Mr,False,"(16.336, 32.252]"
84,744,0,3.0,"McNamee, Mr. Neal",1,24.0,1,0,376566,16.1,,PORT S,Mr,False,"(16.336, 32.252]"
85,659,0,2.0,"Eitemiller, Mr. George Floyd",1,23.0,0,0,29751,13.0,,PORT S,Mr,False,"(16.336, 32.252]"
86,755,1,2.0,"Herman, Mrs. Samuel (Jane Laver)",0,48.0,1,2,220845,65.0,,,Mrs,False,"(32.252, 48.168]"
87,868,0,1.0,"Roebling, Mr. Washington Augustus II",1,31.0,0,0,PC 17590,50.4958,A24,,Mr,False,"(16.336, 32.252]"
88,188,1,1.0,"Romaine, Mr. Charles Hallace (""Mr C Rolmane"")",1,45.0,0,0,111428,26.55,,PORT S,Mr,False,"(32.252, 48.168]"
89,566,0,3.0,"Davies, Mr. Alfred J",1,24.0,2,0,A/4 48871,24.15,,PORT S,Mr,False,"(16.336, 32.252]"
90,670,1,1.0,"Taylor, Mrs. Elmer Zebley (Juliet Cummins Wright)",0,35.0,1,0,19996,52.0,C126,,Mrs,False,"(32.252, 48.168]"
91,820,0,3.0,"Skoog, Master. Karl Thorsten",1,10.0,3,2,347088,27.9,,PORT S,Master,True,"(0.34, 16.336]"
92,876,1,3.0,"Najib, Miss. Adele Kiamie ""Jane""",0,15.0,0,0,2667,13.309546220302375,,,Miss,True,"(0.34, 16.336]"
93,688,0,3.0,"Dakic, Mr. Branko",1,19.0,0,0,349228,13.309546220302375,,,Mr,False,"(16.336, 32.252]"
94,847,0,3.0,"Sage, Mr. Douglas Bullen",1,30.0,8,2,CA. 2343,69.55,,PORT S,Mr,False,"(16.336, 32.252]"
95,256,1,3.0,"Touma, Mrs. Darwis (Hanne Youssef Razi)",0,29.0,0,2,2650,15.2458,,PORT C,Mrs,False,"(16.336, 32.252]"
96,720,0,3.0,"Johnson, Mr. Malkolm Joackim",1,33.0,0,0,347062,13.309546220302375,,,Mr,False,"(32.252, 48.168]"
97,634,0,1.0,"Parr, Mr. William Henry Marsh",1,30.0,0,0,112052,88.94929842105263,,,Mr,False,"(16.336, 32.252]"
98,1,0,3.0,"Braund, Mr. Owen Harris",1,22.0,1,0,A/5 21171,7.25,,PORT S,Mr,False,"(16.336, 32.252]"
99,2,1,1.0,"Cumings, Mrs. John Bradley (Florence Briggs Thayer)",0,38.0,1,0,PC 17599,71.2833,C85,,Mrs,False,"(32.252, 48.168]"
100,3,1,3.0,"Heikkinen, Miss. Laina",0,26.0,0,0,STON/O2. 3101282,7.925,,,Miss,False,"(16.336, 32.252]"
102,5,0,3.0,"Allen, Mr. William Henry",1,35.0,0,0,373450,8.05,,,Mr,False,"(32.252, 48.168]"
103,6,0,3.0,"Moran, Mr. James",1,30.0,0,0,330877,8.4583,,PORT Q,Mr,False,"(16.336, 32.252]"
104,7,0,1.0,"McCarthy, Mr. Timothy J",1,54.0,0,0,17463,51.8625,E46,PORT S,Mr,False,"(48.168, 64.084]"
105,8,0,3.0,"Palsson, Master. Gosta Leonard",1,2.0,3,1,349909,21.075,,,Master,True,"(0.34, 16.336]"
106,9,1,3.0,"Johnson, Mrs. Oscar W (Elisabeth Vilhelmina Berg)",0,27.0,0,2,347742,11.1333,,,Mrs,False,"(16.336, 32.252]"
107,10,1,2.0,"Nasser, Mrs. Nicholas (Adele Achem)",0,14.0,1,0,237736,30.0708,,PORT C,Mrs,True,"(0.34, 16.336]"
108,11,1,3.0,"Sandstrom, Miss. Marguerite Rut",0,4.0,1,1,PP 9549,16.7,G6,PORT S,Miss,True,"(0.34, 16.336]"
109,12,1,2.0,"Bonnell, Miss. Elizabeth",0,58.0,0,0,113783,26.55,C103,PORT S,Miss,False,"(48.168, 64.084]"
110,13,0,3.0,"Saundercock, Mr. William Henry",1,20.0,0,0,A/5. 2151,8.05,,,Mr,False,"(16.336, 32.252]"
111,14,0,3.0,"Andersson, Mr. Anders Johan",1,39.0,1,5,347082,31.275,,PORT S,Mr,False,"(32.252, 48.168]"
112,15,0,3.0,"Vestrom, Miss. Hulda Amanda Adolfina",0,14.0,0,0,350406,7.8542,,,Miss,True,"(0.34, 16.336]"
113,16,1,2.0,"Hewlett, Mrs. (Mary D Kingcome) ",0,55.0,0,0,248706,16.0,,,Mrs,False,"(48.168, 64.084]"
114,17,0,3.0,"Rice, Master. Eugene",1,2.0,4,1,382652,29.125,,PORT Q,Master,True,"(0.34, 16.336]"
115,18,1,2.0,"Williams, Mr. Charles Eugene",1,30.0,0,0,244373,13.0,,,Mr,False,"(16.336, 32.252]"
116,19,0,3.0,"Vander Planke, Mrs. Julius (Emelia Maria Vandemoortele)",0,31.0,1,0,345763,18.0,,,Mrs,False,"(16.336, 32.252]"
117,20,1,3.0,"Masselmani, Mrs. Fatima",0,35.0,0,0,2649,7.225,,PORT C,Mrs,False,"(32.252, 48.168]"
118,21,0,2.0,"Fynney, Mr. Joseph J",1,35.0,0,0,239865,26.0,,PORT S,Mr,False,"(32.252, 48.168]"
119,22,1,3.0,"Beesley, Mr. Lawrence",1,34.0,0,0,248698,13.0,D56,,Mr,False,"(32.252, 48.168]"
120,23,1,3.0,"McGowan, Miss. Anna ""Annie""",0,15.0,0,0,330923,8.0292,,,Miss,True,"(0.34, 16.336]"
121,24,1,2.0,"Sloper, Mr. William Thompson",1,28.0,0,0,113788,35.5,A6,,Mr,False,"(16.336, 32.252]"
122,25,0,3.0,"Palsson, Miss. Torborg Danira",0,8.0,3,1,349909,21.075,,,Miss,True,"(0.34, 16.336]"
123,26,1,3.0,"Asplund, Mrs. Carl Oscar (Selma Augusta Emilia Johansson)",0,38.0,1,5,347077,31.3875,,PORT S,Mrs,False,"(32.252, 48.168]"
124,27,0,3.0,"Emir, Mr. Farred Chehab",1,30.0,0,0,2631,7.225,,,Mr,False,"(16.336, 32.252]"
125,28,0,1.0,"Fortune, Mr. Charles Alexander",1,19.0,3,2,19950,263.0,C23 C25 C27,PORT S,Mr,False,"(16.336, 32.252]"
126,29,1,3.0,"O'Dwyer, Miss. Ellen ""Nellie""",0,22.0,0,0,330959,7.8792,,PORT Q,Miss,False,"(16.336, 32.252]"
128,31,0,1.0,"Uruchurtu, Don. Manuel E",1,40.0,0,0,PC 17601,27.7208,,PORT C,Mr,False,"(32.252, 48.168]"
130,33,1,3.0,"Glynn, Miss. Mary Agatha",0,22.0,0,0,335677,7.75,,PORT Q,Miss,False,"(16.336, 32.252]"
131,34,0,2.0,"Wheadon, Mr. Edward H",1,66.0,0,0,C.A. 24579,10.5,,PORT S,Mr,False,"(64.084, 80.0]"
132,35,0,1.0,"Meyer, Mr. Edgar Joseph",1,28.0,1,0,PC 17604,82.1708,,,Mr,False,"(16.336, 32.252]"
133,36,0,1.0,"Holverson, Mr. Alexander Oskar",1,42.0,1,0,113789,88.94929842105263,,PORT S,Mr,False,"(32.252, 48.168]"
134,37,1,3.0,"Mamee, Mr. Hanna",1,30.0,0,0,2677,7.2292,,,Mr,False,"(16.336, 32.252]"
135,38,0,3.0,"Cann, Mr. Ernest Charles",1,21.0,0,0,A./5. 2152,8.05,,PORT S,Mr,False,"(16.336, 32.252]"
136,39,0,3.0,"Vander Planke, Miss. Augusta Maria",0,18.0,2,0,345764,18.0,,,Miss,True,"(16.336, 32.252]"
137,40,1,3.0,"Nicola-Yarred, Miss. Jamila",0,14.0,1,0,2651,11.2417,,PORT C,Miss,True,"(0.34, 16.336]"
138,41,0,3.0,"Ahlin, Mrs. Johan (Johanna Persdotter Larsson)",0,40.0,1,0,7546,9.475,,,Mrs,False,"(32.252, 48.168]"
139,43,0,3.0,"Kraeff, Mr. Theodor",1,30.0,0,0,349253,7.8958,,PORT C,Mr,False,"(16.336, 32.252]"
140,44,1,2.0,"Laroche, Miss. Simonne Marie Anne Andree",0,3.0,1,2,SC/Paris 2123,41.5792,,,Miss,True,"(0.34, 16.336]"
141,45,1,3.0,"Devaney, Miss. Margaret Delia",0,19.0,0,0,330958,7.8792,,PORT Q,Miss,False,"(16.336, 32.252]"
142,46,0,3.0,"Rogers, Mr. William John",1,30.0,0,0,S.C./A.4. 23567,8.05,,PORT S,Mr,False,"(16.336, 32.252]"
143,47,0,3.0,"Lennon, Mr. Denis",1,30.0,1,0,370371,15.5,,PORT Q,Mr,False,"(16.336, 32.252]"
144,48,1,3.0,"O'Driscoll, Miss. Bridget",0,22.0,0,0,14311,7.75,,,Miss,False,"(16.336, 32.252]"
145,49,0,3.0,"Samaan, Mr. Youssef",1,30.0,2,0,2662,21.6792,,PORT C,Mr,False,"(16.336, 32.252]"
146,50,0,3.0,"Arnold-Franchi, Mrs. Josef (Josefine Franchi)",0,18.0,1,0,349237,17.8,,,Mrs,True,"(16.336, 32.252]"
147,51,0,3.0,"Panula, Master. Juha Niilo",1,7.0,4,1,3101295,39.6875,,,Master,True,"(0.34, 16.336]"
148,52,0,3.0,"Nosworthy, Mr. Richard Cater",1,21.0,0,0,A/4. 39886,7.8,,PORT S,Mr,False,"(16.336, 32.252]"
149,53,1,1.0,"Harper, Mrs. Henry Sleeper (Myna Haxtun)",0,49.0,1,0,PC 17572,88.94929842105263,D33,,Mrs,False,"(48.168, 64.084]"
150,54,1,2.0,"Faunthorpe, Mrs. Lizzie (Elizabeth Anne Wilkinson)",0,29.0,1,0,2926,26.0,,PORT S,Mrs,False,"(16.336, 32.252]"
151,56,1,1.0,"Woolner, Mr. Hugh",1,30.0,0,0,19947,35.5,C52,PORT S,Mr,False,"(16.336, 32.252]"
152,57,1,2.0,"Rugg, Miss. Emily",0,21.0,0,0,C.A. 31026,10.5,,PORT S,Miss,False,"(16.336, 32.252]"
153,58,0,3.0,"Novel, Mr. Mansouer",1,28.5,0,0,2697,7.2292,,,Mr,False,"(16.336, 32.252]"
154,59,1,2.0,"West, Miss. Constance Mirium",0,5.0,1,2,C.A. 34651,27.75,,PORT S,Miss,True,"(0.34, 16.336]"
155,60,0,2.0,"Goodwin, Master. William Frederick",1,11.0,5,2,CA 2144,46.9,,,Master,True,"(0.34, 16.336]"
156,61,0,3.0,"Sirayanian, Mr. Orsen",1,22.0,0,0,2669,7.2292,,PORT C,Mr,False,"(16.336, 32.252]"
157,62,1,1.0,"Icard, Miss. Amelie",0,38.0,0,0,113572,80.0,B28,,Miss,False,"(32.252, 48.168]"
158,63,0,1.0,"Harris, Mr. Henry Birkhardt",1,45.0,1,0,36973,83.475,C83,,Mr,False,"(32.252, 48.168]"
159,64,0,3.0,"Skoog, Master. Harald",1,4.0,3,2,347088,27.9,,,Master,True,"(0.34, 16.336]"
160,65,0,1.0,"Stewart, Mr. Albert A",1,30.0,0,0,PC 17605,27.7208,,PORT C,Mr,False,"(16.336, 32.252]"
161,66,1,3.0,"Moubarek, Master. Gerios",1,4.0,1,1,2661,15.2458,,,Master,True,"(0.34, 16.336]"
162,67,1,2.0,"Nye, Mrs. (Elizabeth Ramell)",0,29.0,0,0,C.A. 29395,10.5,F33,,Mrs,False,"(16.336, 32.252]"
163,68,0,3.0,"Crease, Mr. Ernest James",1,19.0,0,0,S.P. 3464,8.1583,,PORT S,Mr,False,"(16.336, 32.252]"
164,69,1,3.0,"Andersson, Miss. Erna Alexandra",0,17.0,4,2,3101281,7.925,,PORT S,Miss,True,"(16.336, 32.252]"
165,70,0,3.0,"Kink, Mr. Vincenz",1,26.0,2,0,315151,8.6625,,PORT S,Mr,False,"(16.336, 32.252]"
166,71,0,2.0,"Jenkin, Mr. Stephen Curnow",1,32.0,0,0,C.A. 33111,10.5,,PORT S,Mr,False,"(16.336, 32.252]"
167,72,0,3.0,"Goodwin, Miss. Lillian Amy",0,16.0,5,2,CA 2144,46.9,,PORT S,Miss,True,"(0.34, 16.336]"
168,73,0,2.0,"Hood, Mr. Ambrose Jr",1,21.0,0,0,S.O.C. 14879,73.5,,PORT S,Mr,False,"(16.336, 32.252]"
169,75,1,3.0,"Bing, Mr. Lee",1,32.0,0,0,1601,56.4958,,,Mr,False,"(16.336, 32.252]"
170,76,0,3.0,"Moen, Mr. Sigurd Hansen",1,25.0,0,0,348123,7.65,F G73,PORT S,Mr,False,"(16.336, 32.252]"
171,77,0,3.0,"Staneff, Mr. Ivan",1,30.0,0,0,349208,7.8958,,PORT S,Mr,False,"(16.336, 32.252]"
172,78,0,3.0,"Moutal, Mr. Rahamin Haim",1,30.0,0,0,374746,8.05,,PORT S,Mr,False,"(16.336, 32.252]"
173,79,1,2.0,"Caldwell, Master. Alden Gates",1,0.83,0,2,248738,0.0,,,Master,True,"(0.34, 16.336]"
174,80,1,3.0,"Dowdell, Miss. Elizabeth",0,30.0,0,0,364516,12.475,,PORT S,Miss,False,"(16.336, 32.252]"
175,81,0,3.0,"Waelens, Mr. Achille",1,22.0,0,0,345767,9.0,,,Mr,False,"(16.336, 32.252]"
176,82,1,3.0,"Sheerlinck, Mr. Jan Baptist",1,29.0,0,0,345779,9.5,,PORT S,Mr,False,"(16.336, 32.252]"
177,83,1,3.0,"McDermott, Miss. Brigdet Delia",0,22.0,0,0,330932,7.7875,,,Miss,False,"(16.336, 32.252]"
178,84,0,1.0,"Carrau, Mr. Francisco M",1,28.0,0,0,113059,47.1,,PORT S,Mr,False,"(16.336, 32.252]"
179,85,1,2.0,"Ilett, Miss. Bertha",0,17.0,0,0,SO/C 14885,10.5,,,Miss,True,"(16.336, 32.252]"
180,87,0,2.0,"Ford, Mr. William Neal",1,16.0,1,3,W./C. 6608,34.375,,,Mr,True,"(0.34, 16.336]"
181,88,0,3.0,"Slocovski, Mr. Selman Francis",1,30.0,0,0,SOTON/OQ 392086,8.05,,,Mr,False,"(16.336, 32.252]"
182,89,1,1.0,"Fortune, Miss. Mabel Helen",0,23.0,3,2,19950,263.0,C23 C25 C27,PORT S,Miss,False,"(16.336, 32.252]"
183,90,0,3.0,"Celotti, Mr. Francesco",1,24.0,0,0,343275,8.05,,PORT S,Mr,False,"(16.336, 32.252]"
184,91,0,3.0,"Christmann, Mr. Emil",1,29.0,0,0,343276,13.309546220302375,,PORT S,Mr,False,"(16.336, 32.252]"
185,92,0,3.0,"Andreasson, Mr. Paul Edvin",1,20.0,0,0,347466,13.309546220302375,,,Mr,False,"(16.336, 32.252]"
186,93,0,1.0,"Chaffee, Mr. Herbert Fuller",1,46.0,1,0,W.E.P. 5734,61.175,E31,,Mr,False,"(32.252, 48.168]"
187,94,0,3.0,"Dean, Mr. Bertram Frank",1,26.0,1,2,C.A. 2315,20.575,,PORT S,Mr,False,"(16.336, 32.252]"
188,95,0,3.0,"Coxon, Mr. Daniel",1,59.0,0,0,364500,7.25,,PORT S,Mr,False,"(48.168, 64.084]"
189,96,0,3.0,"Shorney, Mr. Charles Joseph",1,30.0,0,0,374910,8.05,,,Mr,False,"(16.336, 32.252]"
190,97,0,1.0,"Goldschmidt, Mr. George B",1,71.0,0,0,PC 17754,34.6542,A5,PORT C,Mr,False,"(64.084, 80.0]"
191,98,1,1.0,"Greenfield, Mr. William Bertram",1,23.0,0,1,PC 17759,63.3583,D10 D12,PORT C,Mr,False,"(16.336, 32.252]"
192,99,1,2.0,"Doling, Mrs. John T (Ada Julia Bone)",0,34.0,0,1,231919,23.0,,,Mrs,False,"(32.252, 48.168]"
193,100,0,2.0,"Kantor, Mr. Sinai",1,34.0,1,0,244367,26.0,,,Mr,False,"(32.252, 48.168]"
194,101,0,3.0,"Petranec, Miss. Matilda",0,28.0,0,0,349245,7.8958,,,Miss,False,"(16.336, 32.252]"
195,102,0,3.0,"Petroff, Mr. Pastcho (""Pentcho"")",1,30.0,0,0,349215,7.8958,,PORT S,Mr,False,"(16.336, 32.252]"
196,103,0,1.0,"White, Mr. Richard Frasar",1,21.0,0,1,35281,77.2875,D26,PORT S,Mr,False,"(16.336, 32.252]"
197,104,0,3.0,"Johansson, Mr. Gustaf Joel",1,33.0,0,0,7540,8.6542,,,Mr,False,"(32.252, 48.168]"
198,105,0,3.0,"Gustafsson, Mr. Anders Vilhelm",1,37.0,2,0,3101276,7.925,,,Mr,False,"(32.252, 48.168]"
199,106,0,3.0,"Mionoff, Mr. Stoytcho",1,28.0,0,0,349207,7.8958,,,Mr,False,"(16.336, 32.252]"
200,107,1,3.0,"Salkjelsvik, Miss. Anna Kristine",0,21.0,0,0,343120,7.65,,,Miss,False,"(16.336, 32.252]"
201,108,1,3.0,"Moss, Mr. Albert Johan",1,30.0,0,0,312991,7.775,,PORT S,Mr,False,"(16.336, 32.252]"
202,109,0,3.0,"Rekic, Mr. Tido",1,38.0,0,0,349249,7.8958,,PORT S,Mr,False,"(32.252, 48.168]"
203,110,1,3.0,"Moran, Miss. Bertha",0,22.0,1,0,371110,24.15,,,Miss,False,"(16.336, 32.252]"
204,111,0,1.0,"Porter, Mr. Walter Chamberlain",1,47.0,0,0,110465,88.94929842105263,C110,,Mr,False,"(32.252, 48.168]"
205,112,0,3.0,"Zabour, Miss. Hileni",0,14.5,1,0,2665,14.4542,,PORT C,Miss,True,"(0.34, 16.336]"
206,113,0,3.0,"Barton, Mr. David John",1,22.0,0,0,324669,8.05,,PORT S,Mr,False,"(16.336, 32.252]"
207,114,0,3.0,"Jussila, Miss. Katriina",0,20.0,1,0,4136,9.825,,,Miss,False,"(16.336, 32.252]"
208,115,0,3.0,"Attalah, Miss. Malake",0,17.0,0,0,2627,14.4583,,PORT C,Miss,True,"(16.336, 32.252]"
209,116,0,3.0,"Pekoniemi, Mr. Edvard",1,21.0,0,0,STON/O 2. 3101294,7.925,,PORT S,Mr,False,"(16.336, 32.252]"
210,117,0,3.0,"Connors, Mr. Patrick",1,70.5,0,0,370369,7.75,,,Mr,False,"(64.084, 80.0]"
211,118,0,2.0,"Turpin, Mr. William John Robert",1,29.0,1,0,11668,21.0,,PORT S,Mr,False,"(16.336, 32.252]"
212,119,0,1.0,"Baxter, Mr. Quigg Edmond",1,24.0,0,1,PC 17558,247.5208,B58 B60,PORT C,Mr,False,"(16.336, 32.252]"
213,120,0,3.0,"Andersson, Miss. Ellis Anna Maria",0,2.0,4,2,347082,31.275,,,Miss,True,"(0.34, 16.336]"
214,122,0,3.0,"Moore, Mr. Leonard Charles",1,30.0,0,0,A4. 54510,8.05,,PORT S,Mr,False,"(16.336, 32.252]"
215,123,0,2.0,"Nasser, Mr. Nicholas",1,32.5,1,0,237736,30.0708,,,Mr,False,"(32.252, 48.168]"
216,124,1,3.0,"Webber, Miss. Susan",0,32.5,0,0,27267,13.0,E101,PORT S,Miss,False,"(32.252, 48.168]"
217,125,0,1.0,"White, Mr. Percival Wayland",1,54.0,0,1,35281,77.2875,D26,,Mr,False,"(48.168, 64.084]"
218,126,1,3.0,"Nicola-Yarred, Master. Elias",1,12.0,1,0,2651,11.2417,,PORT C,Master,True,"(0.34, 16.336]"
219,127,0,3.0,"McMahon, Mr. Martin",1,30.0,0,0,370372,7.75,,PORT Q,Mr,False,"(16.336, 32.252]"
220,128,1,3.0,"Madsen, Mr. Fridtjof Arne",1,24.0,0,0,C 17369,7.1417,,PORT S,Mr,False,"(16.336, 32.252]"
221,129,1,3.0,"Peter, Miss. Anna",0,22.0,1,1,2668,22.3583,F E69,PORT C,Miss,False,"(16.336, 32.252]"
222,130,0,3.0,"Ekstrom, Mr. Johan",1,45.0,0,0,347061,6.975,,,Mr,False,"(32.252, 48.168]"
223,131,0,3.0,"Drazenoic, Mr. Jozef",1,33.0,0,0,349241,7.8958,,,Mr,False,"(32.252, 48.168]"
224,132,0,3.0,"Coelho, Mr. Domingos Fernandeo",1,20.0,0,0,SOTON/O.Q. 3101307,7.05,,,Mr,False,"(16.336, 32.252]"
225,133,0,3.0,"Robins, Mrs. Alexander A (Grace Charity Laury)",0,47.0,1,0,A/5. 3337,14.5,,PORT S,Mrs,False,"(32.252, 48.168]"
226,134,1,2.0,"Weisz, Mrs. Leopold (Mathilde Francoise Pede)",0,29.0,1,0,228414,26.0,,PORT S,Mrs,False,"(16.336, 32.252]"
227,135,0,2.0,"Sobey, Mr. Samuel James Hayden",1,25.0,0,0,C.A. 29178,13.0,,,Mr,False,"(16.336, 32.252]"
228,136,0,2.0,"Richard, Mr. Emile",1,23.0,0,0,SC/PARIS 2133,15.0458,,PORT C,Mr,False,"(16.336, 32.252]"
229,137,1,1.0,"Newsom, Miss. Helen Monypeny",0,19.0,0,2,11752,26.2833,D47,PORT S,Miss,False,"(16.336, 32.252]"
230,138,0,1.0,"Futrelle, Mr. Jacques Heath",1,37.0,1,0,113803,53.1,C123,,Mr,False,"(32.252, 48.168]"
231,139,0,3.0,"Osen, Mr. Olaf Elon",1,16.0,0,0,7534,9.2167,,,Mr,True,"(0.34, 16.336]"
232,140,0,3.0,"Giglio, Mr. Victor",1,24.0,0,0,PC 17593,13.309546220302375,B86,,Mr,False,"(16.336, 32.252]"
233,141,0,3.0,"Boulos, Mrs. Joseph (Sultana)",0,35.0,0,2,2678,15.2458,,,Mrs,False,"(32.252, 48.168]"
234,142,1,3.0,"Nysten, Miss. Anna Sofia",0,22.0,0,0,347081,7.75,,,Miss,False,"(16.336, 32.252]"
235,143,1,3.0,"Hakkarainen, Mrs. Pekka Pietari (Elin Matilda Dolck)",0,24.0,1,0,STON/O2. 3101279,15.85,,PORT S,Mrs,False,"(16.336, 32.252]"
236,144,0,3.0,"Burke, Mr. Jeremiah",1,19.0,0,0,365222,6.75,,,Mr,False,"(16.336, 32.252]"
237,145,0,2.0,"Andrew, Mr. Edgardo Samuel",1,18.0,0,0,231945,11.5,,,Mr,True,"(16.336, 32.252]"
238,146,0,2.0,"Nicholls, Mr. Joseph Charles",1,19.0,1,1,C.A. 33112,36.75,,PORT S,Mr,False,"(16.336, 32.252]"
239,147,1,3.0,"Andersson, Mr. August Edvard (""Wennerstrom"")",1,27.0,0,0,350043,7.7958,,,Mr,False,"(16.336, 32.252]"
240,148,0,3.0,"Ford, Miss. Robina Maggie ""Ruby""",0,9.0,2,2,W./C. 6608,34.375,,PORT S,Miss,True,"(0.34, 16.336]"
242,150,0,2.0,"Byles, Rev. Thomas Roussel Davids",1,42.0,0,0,244310,13.0,,PORT S,Mr,False,"(32.252, 48.168]"
243,151,0,2.0,"Bateman, Rev. Robert James",1,51.0,0,0,S.O.P. 1166,12.525,,PORT S,Mr,False,"(48.168, 64.084]"
244,152,1,1.0,"Pears, Mrs. Thomas (Edith Wearne)",0,22.0,1,0,113776,88.94929842105263,C2,,Mrs,False,"(16.336, 32.252]"
245,153,0,3.0,"Meo, Mr. Alfonzo",1,55.5,0,0,A.5. 11206,8.05,,PORT S,Mr,False,"(48.168, 64.084]"
246,154,0,3.0,"van Billiard, Mr. Austin Blyler",1,40.5,0,2,A/5. 851,14.5,,,Mr,False,"(32.252, 48.168]"
247,155,0,3.0,"Olsen, Mr. Ole Martin",1,30.0,0,0,Fa 265302,7.3125,,PORT S,Mr,False,"(16.336, 32.252]"
248,156,0,1.0,"Williams, Mr. Charles Duane",1,51.0,0,1,PC 17597,88.94929842105263,,PORT C,Mr,False,"(48.168, 64.084]"
249,157,1,3.0,"Gilnagh, Miss. Katherine ""Katie""",0,16.0,0,0,35851,7.7333,,,Miss,True,"(0.34, 16.336]"
250,158,0,3.0,"Corn, Mr. Harry",1,30.0,0,0,SOTON/OQ 392090,8.05,,PORT S,Mr,False,"(16.336, 32.252]"
251,159,0,3.0,"Smiljanic, Mr. Mile",1,30.0,0,0,315037,8.6625,,PORT S,Mr,False,"(16.336, 32.252]"
252,160,0,3.0,"Sage, Master. Thomas Henry",1,4.0,8,2,CA. 2343,69.55,,PORT S,Master,True,"(0.34, 16.336]"
253,161,0,3.0,"Cribb, Mr. John Hatfield",1,44.0,0,1,371362,16.1,,,Mr,False,"(32.252, 48.168]"
254,162,1,2.0,"Watt, Mrs. James (Elizabeth ""Bessie"" Inglis Milne)",0,40.0,0,0,C.A. 33595,15.75,,,Mrs,False,"(32.252, 48.168]"
255,163,0,3.0,"Bengtsson, Mr. John Viktor",1,26.0,0,0,347068,7.775,,PORT S,Mr,False,"(16.336, 32.252]"
256,165,0,3.0,"Panula, Master. Eino Viljami",1,1.0,4,1,3101295,0.0,,,Master,True,"(0.34, 16.336]"
257,166,1,3.0,"Goldsmith, Master. Frank John William ""Frankie""",1,9.0,0,2,363291,20.525,,PORT S,Master,True,"(0.34, 16.336]"
258,167,1,2.0,"Chibnall, Mrs. (Edith Martha Bowerman)",0,35.0,0,1,113505,55.0,E33,,Mrs,False,"(32.252, 48.168]"
259,168,0,3.0,"Skoog, Mrs. William (Anna Bernhardina Karlsson)",0,45.0,1,4,347088,27.9,,PORT S,Mrs,False,"(32.252, 48.168]"
260,169,0,1.0,"Baumann, Mr. John D",1,30.0,0,0,PC 17318,25.925,,PORT S,Mr,False,"(16.336, 32.252]"
261,170,0,3.0,"Ling, Mr. Lee",1,28.0,0,0,1601,56.4958,,,Mr,False,"(16.336, 32.252]"
262,171,0,1.0,"Van der hoef, Mr. Wyckoff",1,61.0,0,0,111240,33.5,B19,,Mr,False,"(48.168, 64.084]"
263,172,0,3.0,"Rice, Master. Arthur",1,4.0,4,1,382652,29.125,,,Master,True,"(0.34, 16.336]"
264,173,1,3.0,"Johnson, Miss. Eleanor Ileen",0,1.0,1,1,347742,0.0,,,Miss,True,"(0.34, 16.336]"
265,174,0,3.0,"Sivola, Mr. Antti Wilhelm",1,21.0,0,0,STON/O 2. 3101280,7.925,,,Mr,False,"(16.336, 32.252]"
266,175,0,1.0,"Smith, Mr. James Clinch",1,56.0,0,0,17764,30.6958,A7,,Mr,False,"(48.168, 64.084]"
267,176,0,3.0,"Klasen, Mr. Klas Albin",1,18.0,1,1,350404,7.8542,,PORT S,Mr,True,"(16.336, 32.252]"
268,177,0,3.0,"Lefebre, Master. Henry Forbes",1,4.0,3,1,4133,25.4667,,PORT S,Master,True,"(0.34, 16.336]"
269,178,0,1.0,"Isham, Miss. Ann Elizabeth",0,50.0,0,0,PC 17595,28.7125,C49,PORT C,Miss,False,"(48.168, 64.084]"
270,179,0,2.0,"Hale, Mr. Reginald",1,30.0,0,0,250653,13.0,,PORT S,Mr,False,"(16.336, 32.252]"
272,181,0,3.0,"Sage, Miss. Constance Gladys",0,22.0,8,2,CA. 2343,69.55,,,Miss,False,"(16.336, 32.252]"
273,182,0,2.0,"Pernot, Mr. Rene",1,30.0,0,0,SC/PARIS 2131,15.05,,,Mr,False,"(16.336, 32.252]"
274,183,0,3.0,"Asplund, Master. Clarence Gustaf Hugo",1,9.0,4,2,347077,31.3875,,,Master,True,"(0.34, 16.336]"
275,184,1,2.0,"Becker, Master. Richard F",1,1.0,2,1,230136,0.0,F4,PORT S,Master,True,"(0.34, 16.336]"
276,185,1,3.0,"Kink-Heilmann, Miss. Luise Gretchen",0,4.0,0,2,315153,22.025,,,Miss,True,"(0.34, 16.336]"
277,186,0,2.0,"Rood, Mr. Hugh Roscoe",1,30.0,0,0,113767,50.0,A32,,Mr,False,"(16.336, 32.252]"
278,187,1,3.0,"O'Brien, Mrs. Thomas (Johanna ""Hannah"" Godfrey)",0,35.0,1,0,370365,15.5,,PORT Q,Mrs,False,"(32.252, 48.168]"
279,189,0,3.0,"Bourke, Mr. John",1,40.0,1,1,364849,15.5,,,Mr,False,"(32.252, 48.168]"
280,190,0,3.0,"Turcin, Mr. Stjepan",1,36.0,0,0,349247,7.8958,,PORT S,Mr,False,"(32.252, 48.168]"
281,191,1,2.0,"Pinsky, Mrs. (Rosa)",0,32.0,0,0,234604,13.0,,PORT S,Mrs,False,"(16.336, 32.252]"
282,192,0,2.0,"Carbines, Mr. William",1,19.0,0,0,28424,13.0,,PORT S,Mr,False,"(16.336, 32.252]"
283,193,1,3.0,"Andersen-Jensen, Miss. Carla Christine Nielsine",0,19.0,1,0,350046,7.8542,,,Miss,False,"(16.336, 32.252]"
284,194,1,2.0,"Navratil, Master. Michel M",1,3.0,1,1,230080,26.0,F2,PORT S,Master,True,"(0.34, 16.336]"
285,195,1,1.0,"Brown, Mrs. James Joseph (Margaret Tobin)",0,44.0,0,0,PC 17610,27.7208,B4,PORT C,Mrs,False,"(32.252, 48.168]"
286,196,1,1.0,"Lurette, Miss. Elise",0,58.0,0,0,PC 17569,146.5208,B80,PORT C,Miss,False,"(48.168, 64.084]"
287,197,0,3.0,"Mernagh, Mr. Robert",1,30.0,0,0,368703,7.75,,,Mr,False,"(16.336, 32.252]"
288,198,0,3.0,"Olsen, Mr. Karl Siegwart Andreas",1,42.0,0,1,4579,13.309546220302375,,PORT S,Mr,False,"(32.252, 48.168]"
289,199,1,3.0,"Madigan, Miss. Margaret ""Maggie""",0,22.0,0,0,370370,7.75,,PORT Q,Miss,False,"(16.336, 32.252]"
290,200,0,2.0,"Yrois, Miss. Henriette (""Mrs Harbeck"")",0,24.0,0,0,248747,13.0,,,Miss,False,"(16.336, 32.252]"
291,201,0,3.0,"Vande Walle, Mr. Nestor Cyriel",1,28.0,0,0,345770,9.5,,PORT S,Mr,False,"(16.336, 32.252]"
292,202,0,3.0,"Sage, Mr. Frederick",1,30.0,8,2,CA. 2343,69.55,,,Mr,False,"(16.336, 32.252]"
293,204,0,3.0,"Youseff, Mr. Gerious",1,45.5,0,0,2628,7.225,,PORT C,Mr,False,"(32.252, 48.168]"
294,205,1,3.0,"Cohen, Mr. Gurshon ""Gus""",1,18.0,0,0,A/5 3540,8.05,,PORT S,Mr,True,"(16.336, 32.252]"
295,206,0,3.0,"Strom, Miss. Telma Matilda",0,2.0,0,1,347054,10.4625,G6,,Miss,True,"(0.34, 16.336]"
296,207,0,3.0,"Backstrom, Mr. Karl Alfred",1,32.0,1,0,3101278,15.85,,PORT S,Mr,False,"(16.336, 32.252]"
297,208,1,3.0,"Albimona, Mr. Nassef Cassem",1,26.0,0,0,2699,18.7875,,,Mr,False,"(16.336, 32.252]"
298,209,1,3.0,"Carr, Miss. Helen ""Ellen""",0,16.0,0,0,367231,7.75,,,Miss,True,"(0.34, 16.336]"
299,210,1,1.0,"Blank, Mr. Henry",1,40.0,0,0,112277,31.0,A31,PORT C,Mr,False,"(32.252, 48.168]"
300,211,0,3.0,"Ali, Mr. Ahmed",1,24.0,0,0,SOTON/O.Q. 3101311,7.05,,PORT S,Mr,False,"(16.336, 32.252]"
301,212,1,2.0,"Cameron, Miss. Clear Annie",0,35.0,0,0,F.C.C. 13528,21.0,,PORT S,Miss,False,"(32.252, 48.168]"
302,213,0,3.0,"Perkin, Mr. John Henry",1,22.0,0,0,A/5 21174,7.25,,PORT S,Mr,False,"(16.336, 32.252]"
303,214,0,2.0,"Givard, Mr. Hans Kristensen",1,30.0,0,0,250646,13.0,,,Mr,False,"(16.336, 32.252]"
304,215,0,3.0,"Kiernan, Mr. Philip",1,30.0,1,0,367229,7.75,,,Mr,False,"(16.336, 32.252]"
305,216,1,1.0,"Newell, Miss. Madeleine",0,31.0,1,0,35273,113.275,D36,PORT C,Miss,False,"(16.336, 32.252]"
306,217,1,3.0,"Honkanen, Miss. Eliina",0,27.0,0,0,STON/O2. 3101283,7.925,,,Miss,False,"(16.336, 32.252]"
307,218,0,2.0,"Jacobsohn, Mr. Sidney Samuel",1,42.0,1,0,243847,27.0,,,Mr,False,"(32.252, 48.168]"
308,219,1,1.0,"Bazzani, Miss. Albina",0,32.0,0,0,11813,76.2917,D15,,Miss,False,"(16.336, 32.252]"
309,220,0,2.0,"Harris, Mr. Walter",1,30.0,0,0,W/C 14208,10.5,,PORT S,Mr,False,"(16.336, 32.252]"
310,221,1,3.0,"Sunderland, Mr. Victor Francis",1,16.0,0,0,SOTON/OQ 392089,8.05,,,Mr,True,"(0.34, 16.336]"
311,222,0,2.0,"Bracken, Mr. James H",1,27.0,0,0,220367,13.0,,PORT S,Mr,False,"(16.336, 32.252]"
312,223,0,3.0,"Green, Mr. George Henry",1,51.0,0,0,21440,8.05,,,Mr,False,"(48.168, 64.084]"
313,224,0,3.0,"Nenkoff, Mr. Christo",1,30.0,0,0,349234,7.8958,,PORT S,Mr,False,"(16.336, 32.252]"
315,226,0,3.0,"Berglund, Mr. Karl Ivar Sven",1,22.0,0,0,PP 4348,9.35,,PORT S,Mr,False,"(16.336, 32.252]"
316,227,1,2.0,"Mellors, Mr. William John",1,19.0,0,0,SW/PP 751,10.5,,PORT S,Mr,False,"(16.336, 32.252]"
317,228,0,3.0,"Lovell, Mr. John Hall (""Henry"")",1,20.5,0,0,A/5 21173,7.25,,PORT S,Mr,False,"(16.336, 32.252]"
318,229,0,3.0,"Fahlstrom, Mr. Arne Jonas",1,18.0,0,0,236171,13.309546220302375,,,Mr,True,"(16.336, 32.252]"
319,230,0,3.0,"Lefebre, Miss. Mathilde",0,22.0,3,1,4133,25.4667,,,Miss,False,"(16.336, 32.252]"
320,231,1,1.0,"Harris, Mrs. Henry Birkhardt (Irene Wallach)",0,35.0,1,0,36973,83.475,C83,,Mrs,False,"(32.252, 48.168]"
321,232,0,3.0,"Larsson, Mr. Bengt Edvin",1,29.0,0,0,347067,7.775,,PORT S,Mr,False,"(16.336, 32.252]"
322,233,0,2.0,"Sjostedt, Mr. Ernst Adolf",1,59.0,0,0,237442,13.5,,,Mr,False,"(48.168, 64.084]"
323,235,0,3.0,"Leyson, Mr. Robert William Norman",1,24.0,0,0,C.A. 29566,10.5,,,Mr,False,"(16.336, 32.252]"
324,236,0,3.0,"Harknett, Miss. Alice Phoebe",0,22.0,0,0,W./C. 6609,7.55,,PORT S,Miss,False,"(16.336, 32.252]"
325,237,0,2.0,"Hold, Mr. Stephen",1,44.0,1,0,26707,26.0,,,Mr,False,"(32.252, 48.168]"
326,238,1,2.0,"Collyer, Miss. Marjorie ""Lottie""",0,8.0,0,2,C.A. 31921,26.25,,PORT S,Miss,True,"(0.34, 16.336]"
327,239,0,2.0,"Pengelly, Mr. Frederick William",1,19.0,0,0,28665,10.5,,PORT S,Mr,False,"(16.336, 32.252]"
328,240,0,2.0,"Hunt, Mr. George Henry",1,33.0,0,0,SCO/W 1585,12.275,,,Mr,False,"(32.252, 48.168]"
329,241,0,3.0,"Zabour, Miss. Thamine",0,22.0,1,0,2665,14.4542,,PORT C,Miss,False,"(16.336, 32.252]"
330,242,1,3.0,"Murphy, Miss. Katherine ""Kate""",0,22.0,1,0,367230,15.5,,,Miss,False,"(16.336, 32.252]"
331,243,0,2.0,"Coleridge, Mr. Reginald Charles",1,29.0,0,0,W./C. 14263,10.5,,PORT S,Mr,False,"(16.336, 32.252]"
332,244,0,3.0,"Maenpaa, Mr. Matti Alexanteri",1,22.0,0,0,STON/O 2. 3101275,7.125,,,Mr,False,"(16.336, 32.252]"
333,245,0,3.0,"Attalah, Mr. Sleiman",1,30.0,0,0,2694,7.225,,PORT C,Mr,False,"(16.336, 32.252]"
334,246,0,1.0,"Minahan, Dr. William Edward",1,44.0,2,0,19928,88.94929842105263,C78,,Mr,False,"(32.252, 48.168]"
335,247,0,3.0,"Lindahl, Miss. Agda Thorilda Viktoria",0,25.0,0,0,347071,7.775,,,Miss,False,"(16.336, 32.252]"
336,248,1,3.0,"Hamalainen, Mrs. William (Anna)",0,24.0,0,2,250649,14.5,,,Mrs,False,"(16.336, 32.252]"
338,250,0,2.0,"Carter, Rev. Ernest Courtenay",1,54.0,1,0,244252,26.0,,PORT S,Mr,False,"(48.168, 64.084]"
339,251,0,3.0,"Reed, Mr. James George",1,30.0,0,0,362316,7.25,,PORT S,Mr,False,"(16.336, 32.252]"
340,252,0,3.0,"Strom, Mrs. Wilhelm (Elna Matilda Persson)",0,29.0,1,1,347054,10.4625,G6,,Mrs,False,"(16.336, 32.252]"
341,253,0,1.0,"Stead, Mr. William Thomas",1,62.0,0,0,113514,26.55,C87,PORT S,Mr,False,"(48.168, 64.084]"
342,254,0,3.0,"Lobb, Mr. William Arthur",1,30.0,1,0,A/5. 3336,16.1,,,Mr,False,"(16.336, 32.252]"
343,255,0,3.0,"Rosblom, Mrs. Viktor (Helena Wilhelmina)",0,41.0,0,2,370129,20.2125,,PORT S,Mrs,False,"(32.252, 48.168]"
344,256,1,3.0,"Touma, Mrs. Darwis (Hanne Youssef Razi)",0,29.0,0,2,2650,13.309546220302375,,PORT C,Mrs,False,"(16.336, 32.252]"
345,258,1,1.0,"Cherry, Miss. Gladys",0,30.0,0,0,110152,86.5,B77,,Miss,False,"(16.336, 32.252]"
346,259,1,1.0,"Ward, Miss. Anna",0,35.0,0,0,PC 17755,512.3292,,,Miss,False,"(32.252, 48.168]"
347,261,0,3.0,"Smith, Mr. Thomas",1,30.0,0,0,384461,7.75,,PORT Q,Mr,False,"(16.336, 32.252]"
348,262,1,3.0,"Asplund, Master. Edvin Rojj Felix",1,3.0,4,2,347077,31.3875,,PORT S,Master,True,"(0.34, 16.336]"
349,263,0,1.0,"Taussig, Mr. Emil",1,52.0,1,1,110413,79.65,E67,PORT S,Mr,False,"(48.168, 64.084]"
350,264,0,1.0,"Harrison, Mr. William",1,40.0,0,0,112059,88.94929842105263,B94,,Mr,False,"(32.252, 48.168]"
351,265,0,3.0,"Henry, Miss. Delia",0,22.0,0,0,382649,7.75,,PORT Q,Miss,False,"(16.336, 32.252]"
352,266,0,2.0,"Reeves, Mr. David",1,36.0,0,0,C.A. 17248,10.5,,,Mr,False,"(32.252, 48.168]"
353,267,0,3.0,"Panula, Mr. Ernesti Arvid",1,16.0,4,1,3101295,39.6875,,PORT S,Mr,True,"(0.34, 16.336]"
354,268,1,3.0,"Persson, Mr. Ernst Ulrik",1,25.0,1,0,347083,7.775,,,Mr,False,"(16.336, 32.252]"
355,270,1,1.0,"Bissette, Miss. Amelia",0,35.0,0,0,PC 17760,135.6333,C99,PORT S,Miss,False,"(32.252, 48.168]"
356,271,0,1.0,"Cairns, Mr. Alexander",1,30.0,0,0,113798,31.0,,PORT S,Mr,False,"(16.336, 32.252]"
357,272,1,3.0,"Tornquist, Mr. William Henry",1,25.0,0,0,LINE,13.309546220302375,,PORT S,Mr,False,"(16.336, 32.252]"
358,273,1,2.0,"Mellinger, Mrs. (Elizabeth Anne Maidment)",0,41.0,0,1,250644,19.5,,,Mrs,False,"(32.252, 48.168]"
359,274,0,2.0,"Natsch, Mr. Charles H",1,37.0,0,1,PC 17596,29.7,C118,PORT C,Mr,False,"(32.252, 48.168]"
360,275,1,3.0,"Healy, Miss. Hanora ""Nora""",0,22.0,0,0,370375,7.75,,PORT Q,Miss,False,"(16.336, 32.252]"
361,276,1,1.0,"Andrews, Miss. Kornelia Theodosia",0,63.0,1,0,13502,77.9583,D7,,Miss,False,"(48.168, 64.084]"
362,277,0,3.0,"Lindblom, Miss. Augusta Charlotta",0,45.0,0,0,347073,7.75,,PORT S,Miss,False,"(32.252, 48.168]"
363,278,0,2.0,"Parkes, Mr. Francis ""Frank""",1,30.0,0,0,239853,23.173708021390375,,PORT S,Mr,False,"(16.336, 32.252]"
364,279,0,3.0,"Rice, Master. Eric",1,7.0,4,1,382652,29.125,,,Master,True,"(0.34, 16.336]"
365,280,1,3.0,"Abbott, Mrs. Stanton (Rosa Hunt)",0,35.0,1,1,C.A. 2673,20.25,,,Mrs,False,"(32.252, 48.168]"
366,281,0,3.0,"Duane, Mr. Frank",1,65.0,0,0,336439,13.309546220302375,,PORT Q,Mr,False,"(64.084, 80.0]"
367,282,0,3.0,"Olsson, Mr. Nils Johan Goransson",1,28.0,0,0,347464,7.8542,,,Mr,False,"(16.336, 32.252]"
368,283,0,3.0,"de Pelsmaeker, Mr. Alfons",1,16.0,0,0,345778,13.309546220302375,,PORT S,Mr,True,"(0.34, 16.336]"
369,284,1,3.0,"Dorking, Mr. Edward Arthur",1,19.0,0,0,A/5. 10482,8.05,,PORT S,Mr,False,"(16.336, 32.252]"
370,285,0,1.0,"Smith, Mr. Richard William",1,30.0,0,0,113056,26.0,A19,PORT S,Mr,False,"(16.336, 32.252]"
371,286,0,3.0,"Stankovic, Mr. Ivan",1,33.0,0,0,349239,8.6625,,,Mr,False,"(32.252, 48.168]"
372,287,1,3.0,"de Mulder, Mr. Theodore",1,30.0,0,0,345774,9.5,,PORT S,Mr,False,"(16.336, 32.252]"
373,288,0,3.0,"Naidenoff, Mr. Penko",1,22.0,0,0,349206,7.8958,,,Mr,False,"(16.336, 32.252]"
374,289,1,2.0,"Hosono, Mr. Masabumi",1,42.0,0,0,237798,13.0,,PORT S,Mr,False,"(32.252, 48.168]"
375,290,1,3.0,"Connolly, Miss. Kate",0,22.0,0,0,370373,13.309546220302375,,PORT Q,Miss,False,"(16.336, 32.252]"
376,291,1,1.0,"Barber, Miss. Ellen ""Nellie""",0,26.0,0,0,19877,78.85,,PORT S,Miss,False,"(16.336, 32.252]"
377,294,0,3.0,"Haas, Miss. Aloisia",0,24.0,0,0,349236,8.85,,PORT S,Miss,False,"(16.336, 32.252]"
378,295,0,3.0,"Mineff, Mr. Ivan",1,24.0,0,0,349233,7.8958,,PORT S,Mr,False,"(16.336, 32.252]"
379,296,0,1.0,"Lewy, Mr. Ervin G",1,30.0,0,0,PC 17612,88.94929842105263,,PORT C,Mr,False,"(16.336, 32.252]"
380,297,0,3.0,"Hanna, Mr. Mansour",1,23.5,0,0,2693,7.2292,,,Mr,False,"(16.336, 32.252]"
381,298,0,1.0,"Allison, Miss. Helen Loraine",0,2.0,1,2,113781,151.55,C22 C26,,Miss,True,"(0.34, 16.336]"
382,299,1,1.0,"Saalfeld, Mr. Adolphe",1,30.0,0,0,19988,30.5,C106,PORT S,Mr,False,"(16.336, 32.252]"
383,300,1,1.0,"Baxter, Mrs. James (Helene DeLaudeniere Chaput)",0,50.0,0,1,PC 17558,247.5208,B58 B60,PORT C,Mrs,False,"(48.168, 64.084]"
384,301,1,3.0,"Kelly, Miss. Anna Katherine ""Annie Kate""",0,22.0,0,0,9234,7.75,,PORT Q,Miss,False,"(16.336, 32.252]"
385,302,1,3.0,"McCoy, Mr. Bernard",1,30.0,2,0,367226,23.25,,PORT Q,Mr,False,"(16.336, 32.252]"
386,303,0,3.0,"Johnson, Mr. William Cahoone Jr",1,19.0,0,0,LINE,13.309546220302375,,,Mr,False,"(16.336, 32.252]"
387,304,1,3.0,"Keane, Miss. Nora A",0,22.0,0,0,226593,12.35,E101,PORT Q,Miss,False,"(16.336, 32.252]"
388,305,0,3.0,"Williams, Mr. Howard Hugh ""Harry""",1,30.0,0,0,A/5 2466,8.05,,,Mr,False,"(16.336, 32.252]"
389,306,1,1.0,"Allison, Master. Hudson Trevor",1,0.92,1,2,113781,0.0,C22 C26,PORT S,Master,True,"(0.34, 16.336]"
390,307,1,1.0,"Fleming, Miss. Margaret",0,22.0,0,0,17421,110.8833,,PORT C,Miss,False,"(16.336, 32.252]"
391,308,1,1.0,"Penasco y Castellana, Mrs. Victor de Satode (Maria Josefa Perez de Soto y Vallejo)",0,17.0,1,0,PC 17758,108.9,C65,PORT C,Mrs,True,"(16.336, 32.252]"
392,309,0,2.0,"Abelson, Mr. Samuel",1,30.0,1,0,P/PP 3381,24.0,,PORT C,Mr,False,"(16.336, 32.252]"
393,310,1,1.0,"Francatelli, Miss. Laura Mabel",0,30.0,0,0,PC 17485,56.9292,E36,PORT C,Miss,False,"(16.336, 32.252]"
394,311,1,1.0,"Hays, Miss. Margaret Bechstein",0,24.0,0,0,11767,83.1583,C54,,Miss,False,"(16.336, 32.252]"
395,312,1,1.0,"Ryerson, Miss. Emily Borie",0,18.0,2,2,PC 17608,262.375,B57 B59 B63 B66,PORT C,Miss,True,"(16.336, 32.252]"
396,313,0,2.0,"Lahtinen, Mrs. William (Anna Sylfven)",0,26.0,1,1,250651,26.0,,,Mrs,False,"(16.336, 32.252]"
397,314,0,3.0,"Hendekovic, Mr. Ignjac",1,28.0,0,0,349243,7.8958,,,Mr,False,"(16.336, 32.252]"
398,315,0,2.0,"Hart, Mr. Benjamin",1,43.0,1,1,F.C.C. 13529,26.25,,PORT S,Mr,False,"(32.252, 48.168]"
399,318,0,2.0,"Moraweck, Dr. Ernest",1,54.0,0,0,29011,14.0,,PORT S,Mr,False,"(48.168, 64.084]"
400,319,1,1.0,"Wick, Miss. Mary Natalie",0,31.0,0,2,36928,164.8667,C7,PORT S,Miss,False,"(16.336, 32.252]"
401,320,1,1.0,"Spedden, Mrs. Frederic Oakley (Margaretta Corning Stone)",0,40.0,1,1,16966,134.5,E34,,Mrs,False,"(32.252, 48.168]"
402,321,0,3.0,"Dennis, Mr. Samuel",1,22.0,0,0,A/5 21172,7.25,,PORT S,Mr,False,"(16.336, 32.252]"
403,322,0,3.0,"Danoff, Mr. Yoto",1,27.0,0,0,349219,7.8958,,PORT S,Mr,False,"(16.336, 32.252]"
404,323,1,2.0,"Slayter, Miss. Hilda Mary",0,30.0,0,0,234818,12.35,,,Miss,False,"(16.336, 32.252]"
405,324,1,2.0,"Caldwell, Mrs. Albert Francis (Sylvia Mae Harbaugh)",0,22.0,1,1,248738,29.0,,PORT S,Mrs,False,"(16.336, 32.252]"
406,325,0,3.0,"Sage, Mr. George John Jr",1,30.0,8,2,CA. 2343,69.55,,,Mr,False,"(16.336, 32.252]"
407,326,1,1.0,"Young, Miss. Marie Grice",0,36.0,0,0,PC 17760,135.6333,C32,PORT C,Miss,False,"(32.252, 48.168]"
408,327,0,3.0,"Nysveen, Mr. Johan Hansen",1,61.0,0,0,345364,6.2375,,,Mr,False,"(48.168, 64.084]"
409,328,1,2.0,"Ball, Mrs. (Ada E Hall)",0,36.0,0,0,28551,13.0,D,PORT S,Mrs,False,"(32.252, 48.168]"
410,329,1,3.0,"Goldsmith, Mrs. Frank John (Emily Alice Brown)",0,31.0,1,1,363291,20.525,,PORT S,Mrs,False,"(16.336, 32.252]"
411,330,1,1.0,"Hippach, Miss. Jean Gertrude",0,16.0,0,1,111361,57.9792,B18,,Miss,True,"(0.34, 16.336]"
412,331,1,3.0,"McCoy, Miss. Agnes",0,22.0,2,0,367226,23.25,,,Miss,False,"(16.336, 32.252]"
413,332,0,1.0,"Partner, Mr. Austen",1,45.5,0,0,113043,28.5,C124,,Mr,False,"(32.252, 48.168]"
414,333,0,1.0,"Graham, Mr. George Edward",1,38.0,0,1,PC 17582,153.4625,C91,PORT S,Mr,False,"(32.252, 48.168]"
415,334,0,3.0,"Vander Planke, Mr. Leo Edmondus",1,16.0,2,0,345764,18.0,,,Mr,True,"(0.34, 16.336]"
416,335,1,1.0,"Frauenthal, Mrs. Henry William (Clara Heinsheimer)",0,35.0,1,0,PC 17611,133.65,,,Mrs,False,"(32.252, 48.168]"
417,336,0,3.0,"Denkoff, Mr. Mitto",1,30.0,0,0,349225,13.309546220302375,,PORT S,Mr,False,"(16.336, 32.252]"
418,337,0,1.0,"Pears, Mr. Thomas Clinton",1,29.0,1,0,113776,66.6,C2,PORT S,Mr,False,"(16.336, 32.252]"
419,338,1,1.0,"Burns, Miss. Elizabeth Margaret",0,41.0,0,0,16966,134.5,E40,,Miss,False,"(32.252, 48.168]"
420,339,1,3.0,"Dahl, Mr. Karl Edwart",1,45.0,0,0,7598,8.05,,PORT S,Mr,False,"(32.252, 48.168]"
421,340,0,2.0,"Blackwell, Mr. Stephen Weart",1,45.0,0,0,113784,35.5,T,PORT S,Mr,False,"(32.252, 48.168]"
422,342,1,1.0,"Fortune, Miss. Alice Elizabeth",0,24.0,3,2,19950,88.94929842105263,C23 C25 C27,PORT S,Miss,False,"(16.336, 32.252]"
423,343,0,2.0,"Collander, Mr. Erik Gustaf",1,28.0,0,0,248740,13.0,,,Mr,False,"(16.336, 32.252]"
424,344,0,2.0,"Sedgwick, Mr. Charles Frederick Waddington",1,25.0,0,0,244361,13.0,,PORT S,Mr,False,"(16.336, 32.252]"
425,345,0,2.0,"Fox, Mr. Stanley Hubert",1,36.0,0,0,229236,13.0,,,Mr,False,"(32.252, 48.168]"
426,346,1,2.0,"Brown, Miss. Amelia ""Mildred""",0,24.0,0,0,248733,13.0,F33,PORT S,Miss,False,"(16.336, 32.252]"
427,347,1,2.0,"Smith, Miss. Marion Elsie",0,40.0,0,0,31418,23.173708021390375,,,Miss,False,"(32.252, 48.168]"
428,348,1,3.0,"Davison, Mrs. Thomas Henry (Mary E Finck)",0,35.0,1,0,386525,16.1,,PORT S,Mrs,False,"(32.252, 48.168]"
429,349,1,3.0,"Coutts, Master. William Loch ""William""",1,3.0,1,1,C.A. 37671,15.9,,PORT S,Master,True,"(0.34, 16.336]"
430,350,0,3.0,"Dimic, Mr. Jovan",1,42.0,0,0,315088,13.309546220302375,,PORT S,Mr,False,"(32.252, 48.168]"
431,351,0,3.0,"Odahl, Mr. Nils Martin",1,23.0,0,0,7267,9.225,,,Mr,False,"(16.336, 32.252]"
432,352,0,1.0,"Williams-Lambert, Mr. Fletcher Fellows",1,30.0,0,0,113510,35.0,C128,,Mr,False,"(16.336, 32.252]"
433,353,0,3.0,"Elias, Mr. Tannous",1,15.0,1,1,2695,7.2292,,,Mr,True,"(0.34, 16.336]"
434,354,0,3.0,"Arnold-Franchi, Mr. Josef",1,25.0,1,0,349237,17.8,,,Mr,False,"(16.336, 32.252]"
435,355,0,3.0,"Yousif, Mr. Wazli",1,30.0,0,0,2647,13.309546220302375,,,Mr,False,"(16.336, 32.252]"
436,356,0,3.0,"Vanden Steen, Mr. Leo Peter",1,28.0,0,0,345783,9.5,,PORT S,Mr,False,"(16.336, 32.252]"
437,357,1,2.0,"Bowerman, Miss. Elsie Edith",0,22.0,0,1,113505,55.0,E33,,Miss,False,"(16.336, 32.252]"
438,358,0,3.0,"Funk, Miss. Annie Clemmer",0,38.0,0,0,237671,13.0,,,Miss,False,"(32.252, 48.168]"
440,360,1,3.0,"Mockler, Miss. Helen Mary ""Ellie""",0,22.0,0,0,330980,7.8792,,,Miss,False,"(16.336, 32.252]"
441,361,0,3.0,"Skoog, Mr. Wilhelm",1,40.0,1,4,347088,27.9,,,Mr,False,"(32.252, 48.168]"
442,362,0,2.0,"del Carlo, Mr. Sebastiano",1,29.0,1,0,SC/PARIS 2167,27.7208,,PORT C,Mr,False,"(16.336, 32.252]"
443,363,0,3.0,"Barbara, Mrs. (Catherine David)",0,45.0,0,1,2691,14.4542,,PORT C,Mrs,False,"(32.252, 48.168]"
444,364,0,3.0,"Asim, Mr. Adola",1,35.0,0,0,SOTON/O.Q. 3101310,7.05,,,Mr,False,"(32.252, 48.168]"
445,365,0,3.0,"O'Brien, Mr. Thomas",1,30.0,1,0,370365,15.5,,,Mr,False,"(16.336, 32.252]"
446,366,0,3.0,"Adahl, Mr. Mauritz Nils Martin",1,30.0,0,0,C 7076,7.25,,,Mr,False,"(16.336, 32.252]"
447,367,1,1.0,"Warren, Mrs. Frank Manley (Anna Sophia Atkinson)",0,60.0,1,0,110813,75.25,D37,PORT C,Mrs,False,"(48.168, 64.084]"
448,369,1,3.0,"Jermyn, Miss. Annie",0,22.0,0,0,14313,7.75,,,Miss,False,"(16.336, 32.252]"
449,370,1,1.0,"Aubart, Mme. Leontine Pauline",0,24.0,0,0,PC 17477,69.3,B35,,Mrs,False,"(16.336, 32.252]"
450,371,1,1.0,"Harder, Mr. George Achilles",1,25.0,1,0,11765,55.4417,E50,,Mr,False,"(16.336, 32.252]"
451,372,0,3.0,"Wiklund, Mr. Jakob Alfred",1,18.0,1,0,3101267,6.4958,,PORT S,Mr,True,"(16.336, 32.252]"
452,373,0,3.0,"Beavan, Mr. William Thomas",1,19.0,0,0,323951,8.05,,,Mr,False,"(16.336, 32.252]"
453,374,0,1.0,"Ringhini, Mr. Sante",1,22.0,0,0,PC 17760,135.6333,,,Mr,False,"(16.336, 32.252]"
454,375,0,3.0,"Palsson, Miss. Stina Viola",0,3.0,3,1,349909,21.075,,,Miss,True,"(0.34, 16.336]"
455,376,1,1.0,"Meyer, Mrs. Edgar Joseph (Leila Saks)",0,35.0,1,0,PC 17604,82.1708,,,Mrs,False,"(32.252, 48.168]"
456,377,1,3.0,"Landergren, Miss. Aurora Adelia",0,22.0,0,0,C 7077,7.25,,,Miss,False,"(16.336, 32.252]"
457,378,0,1.0,"Widener, Mr. Harry Elkins",1,27.0,0,2,113503,211.5,C82,PORT C,Mr,False,"(16.336, 32.252]"
458,379,0,3.0,"Betros, Mr. Tannous",1,20.0,0,0,2648,4.0125,,PORT C,Mr,False,"(16.336, 32.252]"
459,380,0,3.0,"Gustafsson, Mr. Karl Gideon",1,19.0,0,0,347069,7.775,,PORT S,Mr,False,"(16.336, 32.252]"
460,381,1,1.0,"Bidois, Miss. Rosalie",0,42.0,0,0,PC 17757,227.525,,PORT C,Miss,False,"(32.252, 48.168]"
461,382,1,3.0,"Nakid, Miss. Maria (""Mary"")",0,1.0,0,2,2653,0.0,,PORT C,Miss,True,"(0.34, 16.336]"
462,383,0,3.0,"Tikkanen, Mr. Juho",1,32.0,0,0,STON/O 2. 3101293,7.925,,PORT S,Mr,False,"(16.336, 32.252]"
463,384,1,1.0,"Holverson, Mrs. Alexander Oskar (Mary Aline Towner)",0,35.0,1,0,113789,52.0,,PORT S,Mrs,False,"(32.252, 48.168]"
464,385,0,3.0,"Plotcharsky, Mr. Vasil",1,30.0,0,0,349227,7.8958,,PORT S,Mr,False,"(16.336, 32.252]"
465,386,0,2.0,"Davies, Mr. Charles Henry",1,18.0,0,0,S.O.C. 14879,73.5,,,Mr,True,"(16.336, 32.252]"
466,387,0,1.0,"Goodwin, Master. Sidney Leonard",1,1.0,5,2,CA 2144,0.0,,PORT S,Master,True,"(0.34, 16.336]"
467,388,1,2.0,"Buss, Miss. Kate",0,36.0,0,0,27849,13.0,,,Miss,False,"(32.252, 48.168]"
469,390,1,2.0,"Lehmann, Miss. Bertha",0,17.0,0,0,SC 1748,12.0,,,Miss,True,"(16.336, 32.252]"
470,391,1,1.0,"Carter, Mr. William Ernest",1,36.0,1,2,113760,120.0,B96 B98,,Mr,False,"(32.252, 48.168]"
471,392,1,3.0,"Jansson, Mr. Carl Olof",1,21.0,0,0,350034,7.7958,,,Mr,False,"(16.336, 32.252]"
472,393,0,3.0,"Gustafsson, Mr. Johan Birger",1,28.0,2,0,3101277,7.925,,PORT S,Mr,False,"(16.336, 32.252]"
473,394,1,1.0,"Newell, Miss. Marjorie",0,23.0,1,0,35273,113.275,D36,PORT C,Miss,False,"(16.336, 32.252]"
474,395,1,3.0,"Sandstrom, Mrs. Hjalmar (Agnes Charlotta Bengtsson)",0,24.0,0,2,PP 9549,16.7,G6,PORT S,Mrs,False,"(16.336, 32.252]"
475,396,0,3.0,"Johansson, Mr. Erik",1,22.0,0,0,350052,7.7958,,,Mr,False,"(16.336, 32.252]"
476,397,0,3.0,"Olsson, Miss. Elina",0,31.0,0,0,350407,7.8542,,,Miss,False,"(16.336, 32.252]"
477,398,0,2.0,"McKane, Mr. Peter David",1,46.0,0,0,28403,23.173708021390375,,PORT S,Mr,False,"(32.252, 48.168]"
478,399,0,2.0,"Pain, Dr. Alfred",1,23.0,0,0,244278,10.5,,PORT S,Mr,False,"(16.336, 32.252]"
479,400,1,3.0,"Trout, Mrs. William H (Jessie L)",0,28.0,0,0,240929,12.65,,PORT S,Mrs,False,"(16.336, 32.252]"
480,401,1,3.0,"Niskanen, Mr. Juha",1,39.0,0,0,STON/O 2. 3101289,7.925,,PORT S,Mr,False,"(32.252, 48.168]"
481,402,0,3.0,"Adams, Mr. John",1,26.0,0,0,341826,13.309546220302375,,PORT S,Mr,False,"(16.336, 32.252]"
482,404,0,3.0,"Hakkarainen, Mr. Pekka Pietari",1,28.0,1,0,STON/O2. 3101279,15.85,,,Mr,False,"(16.336, 32.252]"
483,405,0,3.0,"Oreskovic, Miss. Marija",0,20.0,0,0,315096,8.6625,,PORT S,Miss,False,"(16.336, 32.252]"
484,406,0,2.0,"Gale, Mr. Shadrach",1,34.0,1,0,28664,23.173708021390375,,,Mr,False,"(32.252, 48.168]"
485,407,0,3.0,"Widegren, Mr. Carl/Charles Peter",1,51.0,0,0,347064,7.75,,,Mr,False,"(48.168, 64.084]"
486,408,1,2.0,"Richards, Master. William Rowe",1,3.0,1,1,29106,18.75,,,Master,True,"(0.34, 16.336]"
487,409,0,3.0,"Birkeland, Mr. Hans Martin Monsen",1,21.0,0,0,312992,7.775,,PORT S,Mr,False,"(16.336, 32.252]"
488,410,0,2.0,"Lefebre, Miss. Ida",0,22.0,3,1,4133,25.4667,,PORT S,Miss,False,"(16.336, 32.252]"
489,411,0,3.0,"Sdycoff, Mr. Todor",1,30.0,0,0,349222,7.8958,,PORT S,Mr,False,"(16.336, 32.252]"
490,412,0,3.0,"Hart, Mr. Henry",1,30.0,0,0,394140,6.8583,,PORT Q,Mr,False,"(16.336, 32.252]"
491,413,1,1.0,"Minahan, Miss. Daisy E",0,33.0,1,0,19928,88.94929842105263,C78,,Miss,False,"(32.252, 48.168]"
492,415,1,3.0,"Sundman, Mr. Johan Julian",1,44.0,0,0,STON/O 2. 3101269,7.925,,PORT S,Mr,False,"(32.252, 48.168]"
493,416,0,3.0,"Meek, Mrs. Thomas (Annie Louise Rowley)",0,35.0,0,0,343095,8.05,,PORT S,Mrs,False,"(32.252, 48.168]"
494,417,1,2.0,"Drew, Mrs. James Vivian (Lulu Thorne Christian)",0,34.0,1,1,28220,32.5,,,Mrs,False,"(32.252, 48.168]"
495,418,1,2.0,"Silven, Miss. Lyyli Karoliina",0,18.0,0,2,250652,13.0,,,Miss,True,"(16.336, 32.252]"
496,419,0,3.0,"Matthews, Mr. William John",1,30.0,0,0,28228,13.0,,PORT S,Mr,False,"(16.336, 32.252]"
497,420,0,3.0,"Van Impe, Miss. Catharina",0,10.0,0,2,345773,24.15,,PORT S,Miss,True,"(0.34, 16.336]"
498,421,0,3.0,"Gheorgheff, Mr. Stanio",1,30.0,0,0,349254,7.8958,,PORT C,Mr,False,"(16.336, 32.252]"
499,422,0,3.0,"Charters, Mr. David",1,21.0,0,0,A/5. 13032,7.7333,,,Mr,False,"(16.336, 32.252]"
500,423,0,3.0,"Zimmerman, Mr. Leo",1,29.0,0,0,315082,7.875,,PORT S,Mr,False,"(16.336, 32.252]"
501,424,0,3.0,"Danbom, Mrs. Ernst Gilbert (Anna Sigrid Maria Brogren)",0,28.0,1,1,347080,14.4,,,Mrs,False,"(16.336, 32.252]"
502,425,0,3.0,"Rosblom, Mr. Viktor Richard",1,18.0,1,1,370129,20.2125,,,Mr,True,"(16.336, 32.252]"
503,426,0,3.0,"Wiseman, Mr. Phillippe",1,30.0,0,0,A/4. 34244,7.25,,,Mr,False,"(16.336, 32.252]"
504,427,1,2.0,"Clarke, Mrs. Charles V (Ada Maria Winfield)",0,28.0,1,0,2003,26.0,,PORT S,Mrs,False,"(16.336, 32.252]"
505,428,1,2.0,"Phillips, Miss. Kate Florence (""Mrs Kate Louise Phillips Marshall"")",0,19.0,0,0,250655,26.0,,PORT S,Miss,False,"(16.336, 32.252]"
506,429,0,3.0,"Flynn, Mr. James",1,30.0,0,0,364851,7.75,,,Mr,False,"(16.336, 32.252]"
507,430,1,3.0,"Pickard, Mr. Berk (Berk Trembisky)",1,32.0,0,0,SOTON/O.Q. 392078,8.05,E10,PORT S,Mr,False,"(16.336, 32.252]"
508,431,1,1.0,"Bjornstrom-Steffansson, Mr. Mauritz Hakan",1,28.0,0,0,110564,26.55,C52,PORT S,Mr,False,"(16.336, 32.252]"
509,432,1,3.0,"Thorneycroft, Mrs. Percival (Florence Kate White)",0,35.0,1,0,376564,16.1,,PORT S,Mrs,False,"(32.252, 48.168]"
510,433,1,2.0,"Louch, Mrs. Charles Alexander (Alice Adelaide Slow)",0,42.0,1,0,SC/AH 3085,26.0,,PORT S,Mrs,False,"(32.252, 48.168]"
511,434,0,3.0,"Kallio, Mr. Nikolai Erland",1,17.0,0,0,STON/O 2. 3101274,13.309546220302375,,PORT S,Mr,True,"(16.336, 32.252]"
512,435,0,1.0,"Silvey, Mr. William Baird",1,50.0,1,0,13507,55.9,E44,,Mr,False,"(48.168, 64.084]"
513,436,1,1.0,"Carter, Miss. Lucile Polk",0,14.0,1,2,113760,120.0,B96 B98,PORT S,Miss,True,"(0.34, 16.336]"
514,437,0,3.0,"Ford, Miss. Doolina Margaret ""Daisy""",0,21.0,2,2,W./C. 6608,34.375,,,Miss,False,"(16.336, 32.252]"
515,438,1,2.0,"Richards, Mrs. Sidney (Emily Hocking)",0,24.0,2,3,29106,18.75,,,Mrs,False,"(16.336, 32.252]"
516,439,0,1.0,"Fortune, Mr. Mark",1,64.0,1,4,19950,263.0,C23 C25 C27,PORT S,Mr,False,"(48.168, 64.084]"
517,440,0,2.0,"Kvillner, Mr. Johan Henrik Johannesson",1,31.0,0,0,C.A. 18723,10.5,,PORT S,Mr,False,"(16.336, 32.252]"
518,441,1,2.0,"Hart, Mrs. Benjamin (Esther Ada Bloomfield)",0,45.0,1,1,F.C.C. 13529,26.25,,PORT S,Mrs,False,"(32.252, 48.168]"
519,442,0,3.0,"Hampe, Mr. Leon",1,20.0,0,0,345769,9.5,,PORT S,Mr,False,"(16.336, 32.252]"
520,443,0,3.0,"Petterson, Mr. Johan Emil",1,25.0,1,0,347076,7.775,,,Mr,False,"(16.336, 32.252]"
521,444,1,2.0,"Reynaldo, Ms. Encarnacion",0,28.0,0,0,230434,13.0,,PORT S,Miss,False,"(16.336, 32.252]"
522,445,1,3.0,"Johannesen-Bratthammer, Mr. Bernt",1,30.0,0,0,65306,8.1125,,,Mr,False,"(16.336, 32.252]"
523,446,1,1.0,"Dodge, Master. Washington",1,4.0,0,2,33638,81.8583,A34,,Master,True,"(0.34, 16.336]"
524,447,1,2.0,"Mellinger, Miss. Madeleine Violet",0,13.0,0,1,250644,19.5,,,Miss,True,"(0.34, 16.336]"
525,448,1,1.0,"Seward, Mr. Frederic Kimber",1,34.0,0,0,113794,26.55,,,Mr,False,"(32.252, 48.168]"
526,449,1,3.0,"Baclini, Miss. Marie Catherine",0,5.0,2,1,2666,19.2583,,,Miss,True,"(0.34, 16.336]"
527,450,1,1.0,"Peuchen, Major. Arthur Godfrey",1,52.0,0,0,113786,30.5,C104,PORT S,Mr,False,"(48.168, 64.084]"
528,451,0,2.0,"West, Mr. Edwy Arthur",1,36.0,1,2,C.A. 34651,27.75,,PORT S,Mr,False,"(32.252, 48.168]"
529,452,0,2.0,"Hagland, Mr. Ingvald Olai Olsen",1,30.0,1,0,65303,19.9667,,PORT S,Mr,False,"(16.336, 32.252]"
530,453,0,1.0,"Foreman, Mr. Benjamin Laventall",1,30.0,0,0,113051,27.75,C111,,Mr,False,"(16.336, 32.252]"
531,454,1,1.0,"Goldenberg, Mr. Samuel L",1,49.0,1,0,17453,89.1042,C92,PORT C,Mr,False,"(48.168, 64.084]"
532,455,0,3.0,"Peduzzi, Mr. Joseph",1,30.0,0,0,A/5 2817,13.309546220302375,,PORT S,Mr,False,"(16.336, 32.252]"
533,457,0,1.0,"Millet, Mr. Francis Davis",1,65.0,0,0,13509,26.55,E38,PORT S,Mr,False,"(64.084, 80.0]"
534,458,1,1.0,"Kenyon, Mrs. Frederick R (Marion)",0,35.0,1,0,17464,51.8625,D21,,Mrs,False,"(32.252, 48.168]"
535,459,1,2.0,"Toomey, Miss. Ellen",0,50.0,0,0,F.C.C. 13531,10.5,,PORT S,Miss,False,"(48.168, 64.084]"
536,460,0,3.0,"O'Connor, Mr. Maurice",1,30.0,0,0,371060,7.75,,PORT Q,Mr,False,"(16.336, 32.252]"
537,461,1,1.0,"Anderson, Mr. Harry",1,48.0,0,0,19952,26.55,E12,,Mr,False,"(32.252, 48.168]"
538,462,0,3.0,"Morley, Mr. William",1,34.0,0,0,364506,8.05,,PORT S,Mr,False,"(32.252, 48.168]"
539,463,0,2.0,"Gee, Mr. Arthur H",1,47.0,0,0,111320,38.5,E63,PORT S,Mr,False,"(32.252, 48.168]"
540,464,0,2.0,"Milling, Mr. Jacob Christian",1,48.0,0,0,234360,13.0,,,Mr,False,"(32.252, 48.168]"
541,465,0,3.0,"Maisner, Mr. Simon",1,30.0,0,0,A/S 2816,8.05,,PORT S,Mr,False,"(16.336, 32.252]"
542,466,0,3.0,"Goncalves, Mr. Manuel Estanslas",1,38.0,0,0,SOTON/O.Q. 3101306,7.05,,,Mr,False,"(32.252, 48.168]"
543,467,0,2.0,"Campbell, Mr. William",1,30.0,0,0,239853,23.173708021390375,,PORT S,Mr,False,"(16.336, 32.252]"
544,468,0,1.0,"Smart, Mr. John Montgomery",1,56.0,0,0,113792,26.55,,PORT S,Mr,False,"(48.168, 64.084]"
545,469,0,3.0,"Scanlan, Mr. James",1,30.0,0,0,36209,7.725,,PORT Q,Mr,False,"(16.336, 32.252]"
546,470,1,3.0,"Baclini, Miss. Helene Barbara",0,0.75,2,1,2666,0.0,,,Miss,True,"(0.34, 16.336]"
547,471,0,3.0,"Keefe, Mr. Arthur",1,30.0,0,0,323592,7.25,,,Mr,False,"(16.336, 32.252]"
548,472,0,3.0,"Cacic, Mr. Luka",1,38.0,0,0,315089,8.6625,,PORT S,Mr,False,"(32.252, 48.168]"
549,473,1,2.0,"West, Mrs. Edwy Arthur (Ada Mary Worth)",0,33.0,1,2,C.A. 34651,23.173708021390375,,,Mrs,False,"(32.252, 48.168]"
550,474,1,2.0,"Jerwan, Mrs. Amin S (Marie Marthe Thuillard)",0,23.0,0,0,SC/AH Basle 541,13.7917,D,PORT C,Mrs,False,"(16.336, 32.252]"
551,475,0,3.0,"Strandberg, Miss. Ida Sofia",0,22.0,0,0,7553,13.309546220302375,,PORT S,Miss,False,"(16.336, 32.252]"
552,476,0,1.0,"Clifford, Mr. George Quincy",1,30.0,0,0,110465,52.0,A14,,Mr,False,"(16.336, 32.252]"
553,477,0,2.0,"Renouf, Mr. Peter Henry",1,34.0,1,0,31027,21.0,,,Mr,False,"(32.252, 48.168]"
554,478,0,3.0,"Braund, Mr. Lewis Richard",1,29.0,1,0,3460,7.0458,,PORT S,Mr,False,"(16.336, 32.252]"
555,479,0,3.0,"Karlsson, Mr. Nils August",1,22.0,0,0,350060,7.5208,,PORT S,Mr,False,"(16.336, 32.252]"
556,480,1,3.0,"Hirvonen, Miss. Hildur E",0,2.0,0,1,3101298,12.2875,,,Miss,True,"(0.34, 16.336]"
557,481,0,3.0,"Goodwin, Master. Harold Victor",1,9.0,5,2,CA 2144,46.9,,PORT S,Master,True,"(0.34, 16.336]"
558,482,0,2.0,"Frost, Mr. Anthony Wood ""Archie""",1,30.0,0,0,239854,23.173708021390375,,PORT S,Mr,False,"(16.336, 32.252]"
559,483,0,3.0,"Rouse, Mr. Richard Henry",1,50.0,0,0,A/5 3594,8.05,,PORT S,Mr,False,"(48.168, 64.084]"
560,484,1,3.0,"Turkula, Mrs. (Hedwig)",0,63.0,0,0,4134,9.5875,,,Mrs,False,"(48.168, 64.084]"
561,485,1,1.0,"Bishop, Mr. Dickinson H",1,25.0,1,0,11967,91.0792,B49,PORT C,Mr,False,"(16.336, 32.252]"
562,486,0,3.0,"Lefebre, Miss. Jeannie",0,22.0,3,1,4133,25.4667,,,Miss,False,"(16.336, 32.252]"
563,487,1,1.0,"Hoyt, Mrs. Frederick Maxfield (Jane Anne Forby)",0,35.0,1,0,19943,90.0,C93,,Mrs,False,"(32.252, 48.168]"
564,488,0,2.0,"Kent, Mr. Edward Austin",1,58.0,0,0,11771,29.7,B37,,Mr,False,"(48.168, 64.084]"
565,489,0,3.0,"Somerton, Mr. Francis William",1,30.0,0,0,A.5. 18509,13.309546220302375,,,Mr,False,"(16.336, 32.252]"
566,490,1,3.0,"Coutts, Master. Eden Leslie ""Neville""",1,9.0,1,1,C.A. 37671,15.9,,PORT S,Master,True,"(0.34, 16.336]"
567,491,0,2.0,"Hagland, Mr. Konrad Mathias Reiersen",1,30.0,1,0,65304,19.9667,,PORT S,Mr,False,"(16.336, 32.252]"
568,493,0,1.0,"Molson, Mr. Harry Markland",1,55.0,0,0,113787,30.5,C30,,Mr,False,"(48.168, 64.084]"
569,494,0,1.0,"Artagaveytia, Mr. Ramon",1,71.0,0,0,PC 17609,49.5042,,PORT C,Mr,False,"(64.084, 80.0]"
570,495,0,3.0,"Stanley, Mr. Edward Roland",1,21.0,0,0,A/4 45380,8.05,,PORT S,Mr,False,"(16.336, 32.252]"
571,496,0,3.0,"Yousseff, Mr. Gerious",1,30.0,0,0,2627,14.4583,,PORT C,Mr,False,"(16.336, 32.252]"
572,498,0,3.0,"Shellard, Mr. Frederick William",1,30.0,0,0,C.A. 6212,15.1,,,Mr,False,"(16.336, 32.252]"
573,499,0,1.0,"Allison, Mrs. Hudson J C (Bessie Waldo Daniels)",0,25.0,1,2,113781,151.55,C22 C26,,Mrs,False,"(16.336, 32.252]"
574,500,0,3.0,"Svensson, Mr. Olof",1,24.0,0,0,350035,7.7958,,,Mr,False,"(16.336, 32.252]"
575,501,0,3.0,"Calic, Mr. Petar",1,17.0,0,0,315086,8.6625,,,Mr,True,"(16.336, 32.252]"
576,502,0,3.0,"Canavan, Miss. Mary",0,21.0,0,0,364846,13.309546220302375,,,Miss,False,"(16.336, 32.252]"
577,503,0,3.0,"O'Sullivan, Miss. Bridget Mary",0,22.0,0,0,330909,7.6292,,PORT Q,Miss,False,"(16.336, 32.252]"
578,504,0,3.0,"Laitinen, Miss. Kristina Sofia",0,37.0,0,0,4135,9.5875,,PORT S,Miss,False,"(32.252, 48.168]"
579,505,1,1.0,"Maioni, Miss. Roberta",0,16.0,0,0,110152,86.5,B79,,Miss,True,"(0.34, 16.336]"
580,506,0,1.0,"Penasco y Castellana, Mr. Victor de Satode",1,18.0,1,0,PC 17758,108.9,C65,,Mr,True,"(16.336, 32.252]"
581,507,1,2.0,"Quick, Mrs. Frederick Charles (Jane Richards)",0,33.0,0,2,26360,23.173708021390375,,PORT S,Mrs,False,"(32.252, 48.168]"
582,508,1,1.0,"Bradley, Mr. George (""George Arthur Brayton"")",1,30.0,0,0,111427,26.55,,PORT S,Mr,False,"(16.336, 32.252]"
583,510,1,3.0,"Lang, Mr. Fang",1,26.0,0,0,1601,56.4958,,PORT S,Mr,False,"(16.336, 32.252]"
584,511,1,3.0,"Daly, Mr. Eugene Patrick",1,29.0,0,0,382651,7.75,,PORT Q,Mr,False,"(16.336, 32.252]"
585,512,0,3.0,"Webber, Mr. James",1,30.0,0,0,SOTON/OQ 3101316,8.05,,,Mr,False,"(16.336, 32.252]"
586,513,1,1.0,"McGough, Mr. James Robert",1,36.0,0,0,PC 17473,26.2875,E25,PORT S,Mr,False,"(32.252, 48.168]"
587,514,1,1.0,"Rothschild, Mrs. Martin (Elizabeth L. Barrett)",0,54.0,1,0,PC 17603,59.4,,,Mrs,False,"(48.168, 64.084]"
588,515,0,3.0,"Coleff, Mr. Satio",1,24.0,0,0,349209,7.4958,,PORT S,Mr,False,"(16.336, 32.252]"
589,516,0,1.0,"Walker, Mr. William Anderson",1,47.0,0,0,36967,34.0208,D46,,Mr,False,"(32.252, 48.168]"
590,517,1,3.0,"Lemore, Mrs. (Amelia Milley)",0,34.0,0,0,C.A. 34260,10.5,F33,PORT S,Mrs,False,"(32.252, 48.168]"
591,518,0,3.0,"Ryan, Mr. Patrick",1,30.0,0,0,371110,24.15,,PORT Q,Mr,False,"(16.336, 32.252]"
592,519,1,2.0,"Angle, Mrs. William A (Florence ""Mary"" Agnes Hughes)",0,36.0,1,0,226875,26.0,,,Mrs,False,"(32.252, 48.168]"
593,520,0,3.0,"Pavlovic, Mr. Stefo",1,32.0,0,0,349242,7.8958,,PORT S,Mr,False,"(16.336, 32.252]"
594,521,1,1.0,"Perreault, Miss. Anne",0,30.0,0,0,12749,93.5,B73,PORT S,Miss,False,"(16.336, 32.252]"
595,522,0,3.0,"Vovk, Mr. Janko",1,22.0,0,0,349252,7.8958,,PORT S,Mr,False,"(16.336, 32.252]"
596,523,0,3.0,"Lahoud, Mr. Sarkis",1,30.0,0,0,2624,7.225,,PORT C,Mr,False,"(16.336, 32.252]"
597,524,1,1.0,"Hippach, Mrs. Louis Albert (Ida Sophia Fischer)",0,44.0,0,1,111361,57.9792,B18,PORT C,Mrs,False,"(32.252, 48.168]"
598,525,0,3.0,"Kassem, Mr. Fared",1,30.0,0,0,2700,7.2292,,PORT C,Mr,False,"(16.336, 32.252]"
599,526,0,3.0,"Farrell, Mr. James",1,40.5,0,0,367232,7.75,,,Mr,False,"(32.252, 48.168]"
600,527,1,2.0,"Ridsdale, Miss. Lucy",0,50.0,0,0,W./C. 14258,10.5,,PORT S,Miss,False,"(48.168, 64.084]"
601,528,0,1.0,"Farthing, Mr. John",1,30.0,0,0,PC 17483,221.7792,C95,PORT S,Mr,False,"(16.336, 32.252]"
602,529,0,3.0,"Salonen, Mr. Johan Werner",1,39.0,0,0,3101296,13.309546220302375,,,Mr,False,"(32.252, 48.168]"
603,530,0,2.0,"Hocking, Mr. Richard George",1,23.0,2,1,29104,11.5,,,Mr,False,"(16.336, 32.252]"
604,531,1,2.0,"Quick, Miss. Phyllis May",0,2.0,1,1,26360,26.0,,,Miss,True,"(0.34, 16.336]"
605,532,0,3.0,"Toufik, Mr. Nakli",1,30.0,0,0,2641,7.2292,,,Mr,False,"(16.336, 32.252]"
606,533,0,3.0,"Elias, Mr. Joseph Jr",1,17.0,1,1,2690,7.2292,,PORT C,Mr,True,"(16.336, 32.252]"
607,534,1,3.0,"Peter, Mrs. Catherine (Catherine Rizk)",0,35.0,0,2,2668,22.3583,,PORT C,Mrs,False,"(32.252, 48.168]"
608,535,0,3.0,"Cacic, Miss. Marija",0,30.0,0,0,315084,8.6625,,,Miss,False,"(16.336, 32.252]"
609,536,1,2.0,"Hart, Miss. Eva Miriam",0,7.0,0,2,F.C.C. 13529,26.25,,,Miss,True,"(0.34, 16.336]"
611,538,1,1.0,"LeRoy, Miss. Bertha",0,30.0,0,0,PC 17761,106.425,,PORT C,Miss,False,"(16.336, 32.252]"
612,539,0,3.0,"Risien, Mr. Samuel Beard",1,30.0,0,0,364498,14.5,,PORT S,Mr,False,"(16.336, 32.252]"
613,541,1,1.0,"Crosby, Miss. Harriet R",0,36.0,0,2,WE/P 5735,71.0,B22,PORT S,Miss,False,"(32.252, 48.168]"
614,542,0,3.0,"Andersson, Miss. Ingeborg Constanzia",0,9.0,4,2,347082,31.275,,PORT S,Miss,True,"(0.34, 16.336]"
615,543,0,3.0,"Andersson, Miss. Sigrid Elisabeth",0,11.0,4,2,347082,31.275,,PORT S,Miss,True,"(0.34, 16.336]"
616,544,1,2.0,"Beane, Mr. Edward",1,32.0,1,0,2908,26.0,,PORT S,Mr,False,"(16.336, 32.252]"
617,545,0,1.0,"Douglas, Mr. Walter Donald",1,50.0,1,0,PC 17761,106.425,C86,PORT C,Mr,False,"(48.168, 64.084]"
618,546,0,2.0,"Nicholson, Mr. Arthur Ernest",1,64.0,0,0,693,26.0,,,Mr,False,"(48.168, 64.084]"
619,547,1,2.0,"Beane, Mrs. Edward (Ethel Clarke)",0,19.0,1,0,2908,26.0,,PORT S,Mrs,False,"(16.336, 32.252]"
620,548,1,2.0,"Padro y Manent, Mr. Julian",1,30.0,0,0,SC/PARIS 2146,23.173708021390375,,,Mr,False,"(16.336, 32.252]"
621,550,1,2.0,"Davies, Master. John Morgan Jr",1,8.0,1,1,C.A. 33112,36.75,,PORT S,Master,True,"(0.34, 16.336]"
622,551,1,1.0,"Thayer, Mr. John Borland Jr",1,17.0,0,2,17421,110.8833,C70,,Mr,True,"(16.336, 32.252]"
623,552,0,2.0,"Sharp, Mr. Percival James R",1,27.0,0,0,244358,26.0,,,Mr,False,"(16.336, 32.252]"
624,553,0,3.0,"O'Brien, Mr. Timothy",1,30.0,0,0,330979,7.8292,,PORT Q,Mr,False,"(16.336, 32.252]"
625,554,1,3.0,"Leeni, Mr. Fahim (""Philip Zenni"")",1,22.0,0,0,2620,7.225,,PORT C,Mr,False,"(16.336, 32.252]"
626,555,1,3.0,"Ohman, Miss. Velin",0,22.0,0,0,347085,7.775,,,Miss,False,"(16.336, 32.252]"
627,556,0,1.0,"Wright, Mr. George",1,62.0,0,0,113807,26.55,,,Mr,False,"(48.168, 64.084]"
628,557,1,1.0,"Duff Gordon, Lady. (Lucille Christiana Sutherland) (""Mrs Morgan"")",0,48.0,1,0,11755,39.6,A16,,Mrs,False,"(32.252, 48.168]"
629,558,0,1.0,"Robbins, Mr. Victor",1,30.0,0,0,PC 17757,227.525,,PORT C,Mr,False,"(16.336, 32.252]"
630,559,1,1.0,"Taussig, Mrs. Emil (Tillie Mandelbaum)",0,39.0,1,1,110413,79.65,E67,PORT S,Mrs,False,"(32.252, 48.168]"
631,560,1,3.0,"de Messemaeker, Mrs. Guillaume Joseph (Emma)",0,36.0,1,0,345572,17.4,,,Mrs,False,"(32.252, 48.168]"
632,561,0,3.0,"Morrow, Mr. Thomas Rowan",1,30.0,0,0,372622,7.75,,PORT Q,Mr,False,"(16.336, 32.252]"
633,562,0,3.0,"Sivic, Mr. Husein",1,40.0,0,0,349251,7.8958,,,Mr,False,"(32.252, 48.168]"
634,564,0,3.0,"Simmons, Mr. John",1,30.0,0,0,SOTON/OQ 392082,8.05,,PORT S,Mr,False,"(16.336, 32.252]"
635,565,0,3.0,"Meanwell, Miss. (Marion Ogden)",0,22.0,0,0,SOTON/O.Q. 392087,8.05,,,Miss,False,"(16.336, 32.252]"
636,567,0,3.0,"Stoytcheff, Mr. Ilia",1,19.0,0,0,349205,7.8958,,PORT S,Mr,False,"(16.336, 32.252]"
637,568,0,3.0,"Palsson, Mrs. Nils (Alma Cornelia Berglund)",0,29.0,0,4,349909,21.075,,,Mrs,False,"(16.336, 32.252]"
638,569,0,3.0,"Doharr, Mr. Tannous",1,30.0,0,0,2686,7.2292,,PORT C,Mr,False,"(16.336, 32.252]"
639,570,1,3.0,"Jonsson, Mr. Carl",1,32.0,0,0,350417,7.8542,,PORT S,Mr,False,"(16.336, 32.252]"
640,571,1,2.0,"Harris, Mr. George",1,62.0,0,0,S.W./PP 752,10.5,,,Mr,False,"(48.168, 64.084]"
641,572,1,1.0,"Appleton, Mrs. Edward Dale (Charlotte Lamson)",0,53.0,2,0,11769,51.4792,C101,PORT S,Mrs,False,"(48.168, 64.084]"
642,573,1,1.0,"Flynn, Mr. John Irwin (""Irving"")",1,36.0,0,0,PC 17474,26.3875,E25,PORT S,Mr,False,"(32.252, 48.168]"
643,574,1,3.0,"Kelly, Miss. Mary",0,22.0,0,0,14312,7.75,,,Miss,False,"(16.336, 32.252]"
644,575,0,3.0,"Rush, Mr. Alfred George John",1,16.0,0,0,A/4. 20589,8.05,,PORT S,Mr,True,"(0.34, 16.336]"
645,576,0,3.0,"Patchett, Mr. George",1,19.0,0,0,358585,14.5,,PORT S,Mr,False,"(16.336, 32.252]"
646,577,1,2.0,"Garside, Miss. Ethel",0,34.0,0,0,243880,13.0,,PORT S,Miss,False,"(32.252, 48.168]"
647,578,1,1.0,"Silvey, Mrs. William Baird (Alice Munger)",0,39.0,1,0,13507,55.9,E44,PORT S,Mrs,False,"(32.252, 48.168]"
648,579,0,3.0,"Caram, Mrs. Joseph (Maria Elias)",0,35.0,1,0,2689,14.4583,,PORT C,Mrs,False,"(32.252, 48.168]"
649,580,1,3.0,"Jussila, Mr. Eiriik",1,32.0,0,0,STON/O 2. 3101286,7.925,,,Mr,False,"(16.336, 32.252]"
650,582,1,1.0,"Thayer, Mrs. John Borland (Marian Longstreth Morris)",0,39.0,1,1,17421,88.94929842105263,C68,,Mrs,False,"(32.252, 48.168]"
651,583,0,2.0,"Downton, Mr. William James",1,54.0,0,0,28403,26.0,,PORT S,Mr,False,"(48.168, 64.084]"
652,584,0,1.0,"Ross, Mr. John Hugo",1,36.0,0,0,13049,40.125,A10,PORT C,Mr,False,"(32.252, 48.168]"
653,585,0,3.0,"Paulner, Mr. Uscher",1,30.0,0,0,3411,8.7125,,,Mr,False,"(16.336, 32.252]"
654,586,1,1.0,"Taussig, Miss. Ruth",0,18.0,0,2,110413,79.65,E68,PORT S,Miss,True,"(16.336, 32.252]"
655,587,0,2.0,"Jarvis, Mr. John Denzil",1,47.0,0,0,237565,15.0,,PORT S,Mr,False,"(32.252, 48.168]"
656,588,1,1.0,"Frolicher-Stehli, Mr. Maxmillian",1,60.0,1,1,13567,79.2,B41,PORT C,Mr,False,"(48.168, 64.084]"
657,589,0,3.0,"Gilinski, Mr. Eliezer",1,22.0,0,0,14973,8.05,,PORT S,Mr,False,"(16.336, 32.252]"
658,590,0,3.0,"Murdlin, Mr. Joseph",1,30.0,0,0,A./5. 3235,8.05,,PORT S,Mr,False,"(16.336, 32.252]"
659,591,0,3.0,"Rintamaki, Mr. Matti",1,35.0,0,0,STON/O 2. 3101273,7.125,,PORT S,Mr,False,"(32.252, 48.168]"
660,592,1,1.0,"Stephenson, Mrs. Walter Bertram (Martha Eustis)",0,52.0,1,0,36947,78.2667,D20,PORT C,Mrs,False,"(48.168, 64.084]"
661,593,0,3.0,"Elsbury, Mr. William James",1,47.0,0,0,A/5 3902,7.25,,PORT S,Mr,False,"(32.252, 48.168]"
662,594,0,3.0,"Bourke, Miss. Mary",0,22.0,0,2,364848,7.75,,PORT Q,Miss,False,"(16.336, 32.252]"
663,595,0,2.0,"Chapman, Mr. John Henry",1,37.0,1,0,SC/AH 29037,26.0,,,Mr,False,"(32.252, 48.168]"
664,596,0,3.0,"Van Impe, Mr. Jean Baptiste",1,36.0,1,1,345773,24.15,,,Mr,False,"(32.252, 48.168]"
665,597,1,2.0,"Leitch, Miss. Jessie Wills",0,22.0,0,0,248727,33.0,,PORT S,Miss,False,"(16.336, 32.252]"
667,599,0,3.0,"Boulos, Mr. Hanna",1,30.0,0,0,2664,7.225,,,Mr,False,"(16.336, 32.252]"
668,600,1,1.0,"Duff Gordon, Sir. Cosmo Edmund (""Mr Morgan"")",1,49.0,1,0,PC 17485,56.9292,A20,,Mr,False,"(48.168, 64.084]"
669,601,1,2.0,"Jacobsohn, Mrs. Sidney Samuel (Amy Frances Christy)",0,24.0,2,1,243847,27.0,,PORT S,Mrs,False,"(16.336, 32.252]"
670,602,0,3.0,"Slabenoff, Mr. Petco",1,30.0,0,0,349214,7.8958,,,Mr,False,"(16.336, 32.252]"
671,603,0,1.0,"Harrington, Mr. Charles H",1,30.0,0,0,113796,42.4,,,Mr,False,"(16.336, 32.252]"
672,604,0,3.0,"Torber, Mr. Ernst William",1,44.0,0,0,364511,8.05,,,Mr,False,"(32.252, 48.168]"
673,605,1,2.0,"Homer, Mr. Harry (""Mr E Haven"")",1,35.0,0,0,111426,26.55,,PORT C,Mr,False,"(32.252, 48.168]"
674,606,0,3.0,"Lindell, Mr. Edvard Bengtsson",1,36.0,1,0,349910,15.55,,PORT S,Mr,False,"(32.252, 48.168]"
675,607,0,3.0,"Karaic, Mr. Milan",1,30.0,0,0,349246,7.8958,,,Mr,False,"(16.336, 32.252]"
676,608,1,1.0,"Daniel, Mr. Robert Williams",1,27.0,0,0,113804,30.5,,PORT S,Mr,False,"(16.336, 32.252]"
677,609,1,2.0,"Laroche, Mrs. Joseph (Juliette Marie Louise Lafargue)",0,22.0,1,2,SC/Paris 2123,41.5792,,PORT C,Mrs,False,"(16.336, 32.252]"
678,610,1,1.0,"Shutes, Miss. Elizabeth W",0,40.0,0,0,PC 17582,153.4625,C125,,Miss,False,"(32.252, 48.168]"
679,611,0,2.0,"Andersson, Mrs. Anders Johan (Alfrida Konstantia Brogren)",0,39.0,1,5,347082,31.275,,PORT S,Mrs,False,"(32.252, 48.168]"
680,612,0,3.0,"Jardin, Mr. Jose Neto",1,30.0,0,0,SOTON/O.Q. 3101305,7.05,,,Mr,False,"(16.336, 32.252]"
681,613,1,3.0,"Murphy, Miss. Margaret Jane",0,22.0,1,0,367230,13.309546220302375,,,Miss,False,"(16.336, 32.252]"
682,614,0,3.0,"Horgan, Mr. John",1,30.0,0,0,370377,7.75,,PORT Q,Mr,False,"(16.336, 32.252]"
683,615,0,3.0,"Brocklebank, Mr. William Alfred",1,35.0,0,0,364512,8.05,,PORT S,Mr,False,"(32.252, 48.168]"
684,616,1,2.0,"Herman, Miss. Alice",0,24.0,1,2,220845,65.0,,,Miss,False,"(16.336, 32.252]"
685,617,0,3.0,"Danbom, Mr. Ernst Gilbert",1,34.0,1,1,347080,14.4,,,Mr,False,"(32.252, 48.168]"
686,618,0,2.0,"Lobb, Mrs. William Arthur (Cordelia K Stanlick)",0,26.0,1,0,A/5. 3336,16.1,,,Mrs,False,"(16.336, 32.252]"
687,619,1,2.0,"Becker, Miss. Marion Louise",0,4.0,2,1,230136,39.0,F4,PORT S,Miss,True,"(0.34, 16.336]"
688,620,0,2.0,"Gavey, Mr. Lawrence",1,26.0,0,0,31028,10.5,,,Mr,False,"(16.336, 32.252]"
689,621,0,3.0,"Yasbeck, Mr. Antoni",1,27.0,1,0,2659,14.4542,,PORT C,Mr,False,"(16.336, 32.252]"
690,622,1,1.0,"Kimball, Mr. Edwin Nelson Jr",1,42.0,1,0,11753,52.5542,D19,,Mr,False,"(32.252, 48.168]"
691,623,1,3.0,"Nakid, Mr. Sahid",1,20.0,1,1,2653,15.7417,,PORT C,Mr,False,"(16.336, 32.252]"
692,624,0,3.0,"Hansen, Mr. Henry Damsgaard",1,21.0,0,0,350029,7.8542,,,Mr,False,"(16.336, 32.252]"
693,625,0,3.0,"Bowen, Mr. David John ""Dai""",1,21.0,0,0,54636,16.1,,,Mr,False,"(16.336, 32.252]"
694,626,0,1.0,"Sutton, Mr. Frederick",1,61.0,0,0,36963,32.3208,D50,PORT S,Mr,False,"(48.168, 64.084]"
695,627,0,2.0,"Kirkland, Rev. Charles Leonard",1,57.0,0,0,219533,12.35,,,Mr,False,"(48.168, 64.084]"
696,628,1,1.0,"Longley, Miss. Gretchen Fiske",0,21.0,0,0,13502,77.9583,D9,PORT S,Miss,False,"(16.336, 32.252]"
697,629,0,3.0,"Bostandyeff, Mr. Guentcho",1,26.0,0,0,349224,7.8958,,,Mr,False,"(16.336, 32.252]"
698,630,0,3.0,"O'Connell, Mr. Patrick D",1,30.0,0,0,334912,7.7333,,PORT Q,Mr,False,"(16.336, 32.252]"
699,631,1,1.0,"Barkworth, Mr. Algernon Henry Wilson",1,80.0,0,0,27042,30.0,A23,,Mr,False,"(64.084, 80.0]"
700,632,0,3.0,"Lundahl, Mr. Johan Svensson",1,51.0,0,0,347743,7.0542,,PORT S,Mr,False,"(48.168, 64.084]"
701,633,1,1.0,"Stahelin-Maeglin, Dr. Max",1,32.0,0,0,13214,30.5,B50,PORT C,Mr,False,"(16.336, 32.252]"
702,635,0,3.0,"Skoog, Miss. Mabel",0,9.0,3,2,347088,27.9,,,Miss,True,"(0.34, 16.336]"
703,636,1,2.0,"Davis, Miss. Mary",0,28.0,0,0,237668,13.0,,,Miss,False,"(16.336, 32.252]"
704,637,0,3.0,"Leinonen, Mr. Antti Gustaf",1,32.0,0,0,STON/O 2. 3101292,7.925,,,Mr,False,"(16.336, 32.252]"
705,638,0,2.0,"Collyer, Mr. Harvey",1,31.0,1,1,C.A. 31921,26.25,,PORT S,Mr,False,"(16.336, 32.252]"
706,639,0,3.0,"Panula, Mrs. Juha (Maria Emilia Ojala)",0,41.0,0,5,3101295,13.309546220302375,,PORT S,Mrs,False,"(32.252, 48.168]"
707,640,0,2.0,"Thorneycroft, Mr. Percival",1,30.0,1,0,376564,16.1,,,Mr,False,"(16.336, 32.252]"
708,641,0,3.0,"Jensen, Mr. Hans Peder",1,20.0,0,0,350050,13.309546220302375,,,Mr,False,"(16.336, 32.252]"
709,642,1,1.0,"Sagesser, Mlle. Emma",0,24.0,0,0,PC 17477,69.3,B35,PORT C,Miss,False,"(16.336, 32.252]"
710,643,0,3.0,"Skoog, Miss. Margit Elizabeth",0,2.0,3,2,347088,27.9,,PORT S,Miss,True,"(0.34, 16.336]"
711,644,1,3.0,"Foo, Mr. Choong",1,30.0,0,0,1601,56.4958,,,Mr,False,"(16.336, 32.252]"
712,645,1,3.0,"Baclini, Miss. Eugenie",0,0.75,2,1,2666,0.0,,,Miss,True,"(0.34, 16.336]"
713,646,1,1.0,"Harper, Mr. Henry Sleeper",1,48.0,1,0,PC 17572,76.7292,D33,PORT C,Mr,False,"(32.252, 48.168]"
714,647,0,3.0,"Cor, Mr. Liudevit",1,19.0,0,0,349231,7.8958,,PORT S,Mr,False,"(16.336, 32.252]"
715,648,1,1.0,"Simonius-Blumer, Col. Oberst Alfons",1,56.0,0,0,13213,35.5,A26,,Mr,False,"(48.168, 64.084]"
716,649,0,3.0,"Willey, Mr. Edward",1,30.0,0,0,S.O./P.P. 751,7.55,,,Mr,False,"(16.336, 32.252]"
717,650,1,3.0,"Stanley, Miss. Amy Zillah Elsie",0,23.0,0,0,CA. 2314,7.55,,PORT S,Miss,False,"(16.336, 32.252]"
718,651,0,3.0,"Mitkoff, Mr. Mito",1,30.0,0,0,349221,7.8958,,PORT S,Mr,False,"(16.336, 32.252]"
719,652,1,2.0,"Doling, Miss. Elsie",0,18.0,0,1,231919,23.173708021390375,,PORT S,Miss,True,"(16.336, 32.252]"
720,653,0,3.0,"Kalvik, Mr. Johannes Halvorsen",1,21.0,0,0,8475,8.4333,,PORT S,Mr,False,"(16.336, 32.252]"
721,654,1,3.0,"O'Leary, Miss. Hanora ""Norah""",0,22.0,0,0,330919,7.8292,,PORT Q,Miss,False,"(16.336, 32.252]"
722,655,0,3.0,"Hegarty, Miss. Hanora ""Nora""",0,18.0,0,0,365226,6.75,,PORT Q,Miss,True,"(16.336, 32.252]"
723,656,0,2.0,"Hickman, Mr. Leonard Mark",1,24.0,2,0,S.O.C. 14879,73.5,,PORT S,Mr,False,"(16.336, 32.252]"
724,657,0,3.0,"Radeff, Mr. Alexander",1,30.0,0,0,349223,7.8958,,PORT S,Mr,False,"(16.336, 32.252]"
725,658,0,3.0,"Bourke, Mrs. John (Catherine)",0,32.0,1,1,364849,15.5,,PORT Q,Mrs,False,"(16.336, 32.252]"
726,659,0,2.0,"Eitemiller, Mr. George Floyd",1,23.0,0,0,29751,13.0,,,Mr,False,"(16.336, 32.252]"
727,660,0,1.0,"Newell, Mr. Arthur Webster",1,58.0,0,2,35273,113.275,D48,PORT C,Mr,False,"(48.168, 64.084]"
728,661,1,1.0,"Frauenthal, Dr. Henry William",1,50.0,2,0,PC 17611,133.65,,,Mr,False,"(48.168, 64.084]"
729,662,0,3.0,"Badt, Mr. Mohamed",1,40.0,0,0,2623,7.225,,,Mr,False,"(32.252, 48.168]"
730,663,0,1.0,"Colley, Mr. Edward Pomeroy",1,47.0,0,0,5727,25.5875,E58,PORT S,Mr,False,"(32.252, 48.168]"
731,665,1,3.0,"Lindqvist, Mr. Eino William",1,20.0,1,0,STON/O 2. 3101285,7.925,,,Mr,False,"(16.336, 32.252]"
732,666,0,2.0,"Hickman, Mr. Lewis",1,32.0,2,0,S.O.C. 14879,73.5,,PORT S,Mr,False,"(16.336, 32.252]"
733,667,0,2.0,"Butler, Mr. Reginald Fenton",1,25.0,0,0,234686,13.0,,,Mr,False,"(16.336, 32.252]"
734,668,0,3.0,"Rommetvedt, Mr. Knud Paust",1,30.0,0,0,312993,7.775,,PORT S,Mr,False,"(16.336, 32.252]"
735,669,0,3.0,"Cook, Mr. Jacob",1,43.0,0,0,A/5 3536,8.05,,PORT S,Mr,False,"(32.252, 48.168]"
736,671,1,2.0,"Brown, Mrs. Thomas William Solomon (Elizabeth Catherine Ford)",0,40.0,1,1,29750,39.0,,,Mrs,False,"(32.252, 48.168]"
737,672,0,2.0,"Davidson, Mr. Thornton",1,31.0,1,0,F.C. 12750,52.0,B71,,Mr,False,"(16.336, 32.252]"
738,673,0,2.0,"Mitchell, Mr. Henry Michael",1,70.0,0,0,C.A. 24580,10.5,,PORT S,Mr,False,"(64.084, 80.0]"
739,674,1,2.0,"Wilhelms, Mr. Charles",1,31.0,0,0,244270,23.173708021390375,,PORT S,Mr,False,"(16.336, 32.252]"
740,675,0,2.0,"Watson, Mr. Ennis Hastings",1,30.0,0,0,239856,23.173708021390375,,PORT S,Mr,False,"(16.336, 32.252]"
741,676,0,3.0,"Edvardsson, Mr. Gustaf Hjalmar",1,18.0,0,0,349912,7.775,,PORT S,Mr,True,"(16.336, 32.252]"
742,677,0,3.0,"Sawyer, Mr. Frederick Charles",1,24.5,0,0,342826,8.05,,PORT S,Mr,False,"(16.336, 32.252]"
743,678,1,3.0,"Turja, Miss. Anna Sofia",0,18.0,0,0,4138,9.8417,,,Miss,True,"(16.336, 32.252]"
744,679,0,2.0,"Goodwin, Mrs. Frederick (Augusta Tyler)",0,43.0,1,6,CA 2144,46.9,,PORT S,Mrs,False,"(32.252, 48.168]"
745,680,1,1.0,"Cardeza, Mr. Thomas Drake Martinez",1,36.0,0,1,PC 17755,512.3292,B51 B53 B55,,Mr,False,"(32.252, 48.168]"
746,683,0,3.0,"Olsvigen, Mr. Thor Anderson",1,20.0,0,0,6563,13.309546220302375,,PORT S,Mr,False,"(16.336, 32.252]"
747,684,0,3.0,"Goodwin, Mr. Charles Edward",1,14.0,5,2,CA 2144,46.9,,PORT S,Mr,True,"(0.34, 16.336]"
748,685,0,2.0,"Brown, Mr. Thomas William Solomon",1,60.0,1,1,29750,39.0,,,Mr,False,"(48.168, 64.084]"
749,686,0,2.0,"Laroche, Mr. Joseph Philippe Lemercier",1,25.0,1,2,SC/Paris 2123,41.5792,,PORT C,Mr,False,"(16.336, 32.252]"
750,688,0,3.0,"Dakic, Mr. Branko",1,19.0,0,0,349228,10.1708,,PORT S,Mr,False,"(16.336, 32.252]"
751,689,0,3.0,"Fischer, Mr. Eberhard Thelander",1,18.0,0,0,350036,7.7958,,PORT S,Mr,True,"(16.336, 32.252]"
752,690,1,1.0,"Madill, Miss. Georgette Alexandra",0,15.0,0,1,24160,211.3375,B5,,Miss,True,"(0.34, 16.336]"
753,691,1,1.0,"Dick, Mr. Albert Adrian",1,31.0,1,0,17474,57.0,B20,PORT S,Mr,False,"(16.336, 32.252]"
754,692,1,3.0,"Karun, Miss. Manca",0,4.0,0,1,349256,13.4167,,PORT C,Miss,True,"(0.34, 16.336]"
755,693,1,3.0,"Lam, Mr. Ali",1,30.0,0,0,1601,56.4958,,PORT S,Mr,False,"(16.336, 32.252]"
756,694,0,3.0,"Saad, Mr. Khalil",1,25.0,0,0,2672,7.225,,,Mr,False,"(16.336, 32.252]"
757,695,0,1.0,"Weir, Col. John",1,60.0,0,0,113800,26.55,,,Mr,False,"(48.168, 64.084]"
758,696,0,2.0,"Chapman, Mr. Charles Henry",1,52.0,0,0,248731,13.5,,PORT S,Mr,False,"(48.168, 64.084]"
759,697,0,3.0,"Kelly, Mr. James",1,44.0,0,0,363592,8.05,,PORT S,Mr,False,"(32.252, 48.168]"
760,698,1,3.0,"Mullens, Miss. Katherine ""Katie""",0,22.0,0,0,35852,7.7333,,PORT Q,Miss,False,"(16.336, 32.252]"
761,699,0,1.0,"Thayer, Mr. John Borland",1,49.0,1,1,17421,110.8833,C68,,Mr,False,"(48.168, 64.084]"
762,700,0,3.0,"Humblen, Mr. Adolf Mathias Nicolai Olsen",1,42.0,0,0,348121,7.65,F G63,PORT S,Mr,False,"(32.252, 48.168]"
763,701,1,1.0,"Astor, Mrs. John Jacob (Madeleine Talmadge Force)",0,18.0,1,0,PC 17757,227.525,C62 C64,PORT C,Mrs,True,"(16.336, 32.252]"
764,702,1,1.0,"Silverthorne, Mr. Spencer Victor",1,35.0,0,0,PC 17475,26.2875,E24,PORT S,Mr,False,"(32.252, 48.168]"
765,703,0,3.0,"Barbara, Miss. Saiide",0,18.0,0,1,2691,14.4542,,PORT C,Miss,True,"(16.336, 32.252]"
766,704,0,3.0,"Gallagher, Mr. Martin",1,25.0,0,0,36864,7.7417,,,Mr,False,"(16.336, 32.252]"
767,705,0,3.0,"Hansen, Mr. Henrik Juul",1,26.0,1,0,350025,7.8542,,,Mr,False,"(16.336, 32.252]"
768,706,0,2.0,"Morley, Mr. Henry Samuel (""Mr Henry Marshall"")",1,39.0,0,0,250655,26.0,,PORT S,Mr,False,"(32.252, 48.168]"
769,707,1,2.0,"Kelly, Mrs. Florence ""Fannie""",0,45.0,0,0,223596,13.5,,,Mrs,False,"(32.252, 48.168]"
770,708,1,1.0,"Calderhead, Mr. Edward Pennington",1,42.0,0,0,PC 17476,26.2875,E24,,Mr,False,"(32.252, 48.168]"
772,710,1,3.0,"Moubarek, Master. Halim Gonios (""William George"")",1,4.0,1,1,2661,15.2458,,PORT C,Master,True,"(0.34, 16.336]"
773,711,1,2.0,"Mayne, Mlle. Berthe Antonine (""Mrs de Villiers"")",0,24.0,0,0,PC 17482,49.5042,C90,PORT C,Miss,False,"(16.336, 32.252]"
774,712,0,1.0,"Klaber, Mr. Herman",1,30.0,0,0,113028,26.55,C124,PORT S,Mr,False,"(16.336, 32.252]"
775,713,1,1.0,"Taylor, Mr. Elmer Zebley",1,48.0,1,0,19996,52.0,C126,,Mr,False,"(32.252, 48.168]"
776,714,0,3.0,"Larsson, Mr. August Viktor",1,29.0,0,0,7545,9.4833,,PORT S,Mr,False,"(16.336, 32.252]"
777,715,0,2.0,"Greenberg, Mr. Samuel",1,52.0,0,0,250647,13.0,,,Mr,False,"(48.168, 64.084]"
778,716,0,3.0,"Soholt, Mr. Peter Andreas Lauritz Andersen",1,19.0,0,0,348124,13.309546220302375,F G73,,Mr,False,"(16.336, 32.252]"
779,717,1,1.0,"Endres, Miss. Caroline Louise",0,38.0,0,0,PC 17757,227.525,C45,PORT C,Miss,False,"(32.252, 48.168]"
780,718,1,2.0,"Troutt, Miss. Edwina Celia ""Winnie""",0,27.0,0,0,34218,10.5,E101,,Miss,False,"(16.336, 32.252]"
781,719,0,3.0,"McEvoy, Mr. Michael",1,30.0,0,0,36568,15.5,,,Mr,False,"(16.336, 32.252]"
782,720,0,3.0,"Johnson, Mr. Malkolm Joackim",1,33.0,0,0,347062,7.775,,PORT S,Mr,False,"(32.252, 48.168]"
783,721,1,2.0,"Harper, Miss. Annie Jessie ""Nina""",0,6.0,0,1,248727,33.0,,,Miss,True,"(0.34, 16.336]"
784,722,0,3.0,"Jensen, Mr. Svend Lauritz",1,17.0,1,0,350048,7.0542,,PORT S,Mr,True,"(16.336, 32.252]"
785,723,0,2.0,"Gillespie, Mr. William Henry",1,34.0,0,0,12233,13.0,,PORT S,Mr,False,"(32.252, 48.168]"
786,724,0,2.0,"Hodges, Mr. Henry Price",1,50.0,0,0,250643,13.0,,PORT S,Mr,False,"(48.168, 64.084]"
787,725,1,2.0,"Chambers, Mr. Norman Campbell",1,27.0,1,0,113806,53.1,E8,PORT S,Mr,False,"(16.336, 32.252]"
788,726,0,3.0,"Oreskovic, Mr. Luka",1,20.0,0,0,315094,8.6625,,PORT S,Mr,False,"(16.336, 32.252]"
789,727,1,2.0,"Renouf, Mrs. Peter Henry (Lillian Jefferys)",0,30.0,3,0,31027,21.0,,,Mrs,False,"(16.336, 32.252]"
790,728,1,3.0,"Mannion, Miss. Margareth",0,22.0,0,0,36866,13.309546220302375,,,Miss,False,"(16.336, 32.252]"
791,729,0,2.0,"Bryhl, Mr. Kurt Arnold Gottfrid",1,25.0,1,0,236853,26.0,,,Mr,False,"(16.336, 32.252]"
792,730,0,3.0,"Ilmakangas, Miss. Pieta Sofia",0,25.0,1,0,STON/O2. 3101271,13.309546220302375,,PORT S,Miss,False,"(16.336, 32.252]"
793,731,1,1.0,"Allen, Miss. Elisabeth Walton",0,29.0,0,0,24160,211.3375,B5,PORT S,Miss,False,"(16.336, 32.252]"
795,733,0,2.0,"Knight, Mr. Robert J",1,30.0,0,0,239855,23.173708021390375,,PORT S,Mr,False,"(16.336, 32.252]"
796,734,0,2.0,"Berriman, Mr. William John",1,23.0,0,0,28425,13.0,,PORT S,Mr,False,"(16.336, 32.252]"
797,735,0,2.0,"Troupiansky, Mr. Moses Aaron",1,23.0,0,0,233639,13.0,,,Mr,False,"(16.336, 32.252]"
798,736,0,3.0,"Williams, Mr. Leslie",1,28.5,0,0,54636,13.309546220302375,,PORT S,Mr,False,"(16.336, 32.252]"
799,737,0,3.0,"Ford, Mrs. Edward (Margaret Ann Watson)",0,48.0,1,3,W./C. 6608,34.375,,PORT S,Mrs,False,"(32.252, 48.168]"
800,738,1,1.0,"Lesurer, Mr. Gustave J",1,35.0,0,0,PC 17755,512.3292,B101,,Mr,False,"(32.252, 48.168]"
801,739,0,3.0,"Ivanoff, Mr. Kanio",1,30.0,0,0,349201,7.8958,,,Mr,False,"(16.336, 32.252]"
802,740,0,3.0,"Nankoff, Mr. Minko",1,30.0,0,0,349218,7.8958,,PORT S,Mr,False,"(16.336, 32.252]"
803,742,0,1.0,"Cavendish, Mr. Tyrell William",1,36.0,1,0,19877,78.85,C46,,Mr,False,"(32.252, 48.168]"
804,743,1,1.0,"Ryerson, Miss. Susan Parker ""Suzette""",0,21.0,2,2,PC 17608,262.375,B57 B59 B63 B66,PORT C,Miss,False,"(16.336, 32.252]"
806,745,1,3.0,"Stranden, Mr. Juho",1,31.0,0,0,STON/O 2. 3101288,7.925,,,Mr,False,"(16.336, 32.252]"
807,746,0,1.0,"Crosby, Capt. Edward Gifford",1,70.0,1,1,WE/P 5735,71.0,B22,PORT S,Mr,False,"(64.084, 80.0]"
808,747,0,3.0,"Abbott, Mr. Rossmore Edward",1,16.0,1,1,C.A. 2673,20.25,,PORT S,Mr,True,"(0.34, 16.336]"
809,748,1,2.0,"Sinkkonen, Miss. Anna",0,30.0,0,0,250648,13.0,,PORT S,Miss,False,"(16.336, 32.252]"
810,749,0,1.0,"Marvin, Mr. Daniel Warner",1,19.0,1,0,113773,53.1,D30,,Mr,False,"(16.336, 32.252]"
811,750,0,3.0,"Connaghton, Mr. Michael",1,31.0,0,0,335097,7.75,,,Mr,False,"(16.336, 32.252]"
812,751,1,2.0,"Wells, Miss. Joan",0,4.0,1,1,29103,23.0,,,Miss,True,"(0.34, 16.336]"
813,752,1,3.0,"Moor, Master. Meier",1,6.0,0,1,392096,12.475,E121,PORT S,Master,True,"(0.34, 16.336]"
814,753,0,3.0,"Vande Velde, Mr. Johannes Joseph",1,33.0,0,0,345780,9.5,,,Mr,False,"(32.252, 48.168]"
815,754,0,3.0,"Jonkoff, Mr. Lalio",1,23.0,0,0,349204,7.8958,,PORT S,Mr,False,"(16.336, 32.252]"
816,755,1,2.0,"Herman, Mrs. Samuel (Jane Laver)",0,48.0,1,2,220845,23.173708021390375,,,Mrs,False,"(32.252, 48.168]"
817,756,1,2.0,"Hamalainen, Master. Viljo",1,0.67,1,1,250649,0.0,,PORT S,Master,True,"(0.34, 16.336]"
818,757,0,3.0,"Carlsson, Mr. August Sigfrid",1,28.0,0,0,350042,7.7958,,PORT S,Mr,False,"(16.336, 32.252]"
819,758,0,2.0,"Bailey, Mr. Percy Andrew",1,18.0,0,0,29108,11.5,,,Mr,True,"(16.336, 32.252]"
820,759,0,3.0,"Theobald, Mr. Thomas Leonard",1,34.0,0,0,363294,8.05,,PORT S,Mr,False,"(32.252, 48.168]"
821,760,1,1.0,"Rothes, the Countess. of (Lucy Noel Martha Dyer-Edwards)",0,33.0,0,0,110152,86.5,B77,PORT S,Mrs,False,"(32.252, 48.168]"
822,761,0,3.0,"Garfirth, Mr. John",1,30.0,0,0,358585,13.309546220302375,,,Mr,False,"(16.336, 32.252]"
823,762,0,3.0,"Nirva, Mr. Iisakki Antino Aijo",1,41.0,0,0,SOTON/O2 3101272,7.125,,,Mr,False,"(32.252, 48.168]"
824,763,1,3.0,"Barah, Mr. Hanna Assi",1,20.0,0,0,2663,7.2292,,PORT C,Mr,False,"(16.336, 32.252]"
826,765,0,3.0,"Eklund, Mr. Hans Linus",1,16.0,0,0,347074,7.775,,PORT S,Mr,True,"(0.34, 16.336]"
827,766,1,1.0,"Hogeboom, Mrs. John C (Anna Andrews)",0,51.0,1,0,13502,77.9583,D11,PORT S,Mrs,False,"(48.168, 64.084]"
828,767,0,1.0,"Brewe, Dr. Arthur Jackson",1,30.0,0,0,112379,39.6,,,Mr,False,"(16.336, 32.252]"
829,768,0,3.0,"Mangan, Miss. Mary",0,30.5,0,0,364850,7.75,,,Miss,False,"(16.336, 32.252]"
830,769,0,3.0,"Moran, Mr. Daniel J",1,30.0,1,0,371110,24.15,,,Mr,False,"(16.336, 32.252]"
831,770,0,3.0,"Gronnestad, Mr. Daniel Danielsen",1,32.0,0,0,8471,8.3625,,,Mr,False,"(16.336, 32.252]"
832,771,0,3.0,"Lievens, Mr. Rene Aime",1,24.0,0,0,345781,9.5,,,Mr,False,"(16.336, 32.252]"
833,772,0,3.0,"Jensen, Mr. Niels Peder",1,48.0,0,0,350047,7.8542,,,Mr,False,"(32.252, 48.168]"
834,773,0,2.0,"Mack, Mrs. (Mary)",0,57.0,0,0,S.O./P.P. 3,10.5,E77,PORT S,Mrs,False,"(48.168, 64.084]"
835,774,0,3.0,"Elias, Mr. Dibo",1,30.0,0,0,2674,13.309546220302375,,PORT C,Mr,False,"(16.336, 32.252]"
836,775,1,2.0,"Hocking, Mrs. Elizabeth (Eliza Needs)",0,54.0,1,3,29105,23.0,,PORT S,Mrs,False,"(48.168, 64.084]"
837,776,0,3.0,"Myhrman, Mr. Pehr Fabian Oliver Malkolm",1,18.0,0,0,347078,7.75,,,Mr,True,"(16.336, 32.252]"
838,777,0,3.0,"Tobin, Mr. Roger",1,30.0,0,0,383121,7.75,F38,PORT Q,Mr,False,"(16.336, 32.252]"
839,778,1,3.0,"Emanuel, Miss. Virginia Ethel",0,5.0,0,0,364516,12.475,,PORT S,Miss,True,"(0.34, 16.336]"
840,779,0,3.0,"Kilgannon, Mr. Thomas J",1,30.0,0,0,36865,7.7375,,PORT Q,Mr,False,"(16.336, 32.252]"
841,780,1,1.0,"Robert, Mrs. Edward Scott (Elisabeth Walton McMillan)",0,43.0,0,1,24160,211.3375,B3,PORT S,Mrs,False,"(32.252, 48.168]"
842,781,1,3.0,"Ayoub, Miss. Banoura",0,13.0,0,0,2687,7.2292,,,Miss,True,"(0.34, 16.336]"
843,782,1,1.0,"Dick, Mrs. Albert Adrian (Vera Gillespie)",0,17.0,1,0,17474,57.0,B20,,Mrs,True,"(16.336, 32.252]"
844,783,0,1.0,"Long, Mr. Milton Clyde",1,29.0,0,0,113501,30.0,D6,PORT S,Mr,False,"(16.336, 32.252]"
845,784,0,3.0,"Johnston, Mr. Andrew G",1,30.0,1,2,W./C. 6607,23.45,,PORT S,Mr,False,"(16.336, 32.252]"
846,785,0,3.0,"Ali, Mr. William",1,25.0,0,0,SOTON/O.Q. 3101312,7.05,,PORT S,Mr,False,"(16.336, 32.252]"
847,786,0,3.0,"Harmer, Mr. Abraham (David Lishin)",1,25.0,0,0,374887,7.25,,PORT S,Mr,False,"(16.336, 32.252]"
848,787,1,3.0,"Sjoblom, Miss. Anna Sofia",0,18.0,0,0,3101265,7.4958,,,Miss,True,"(16.336, 32.252]"
849,788,0,3.0,"Rice, Master. George Hugh",1,8.0,4,1,382652,29.125,,,Master,True,"(0.34, 16.336]"
850,789,1,3.0,"Dean, Master. Bertram Vere",1,1.0,1,2,C.A. 2315,0.0,,PORT S,Master,True,"(0.34, 16.336]"
851,790,0,1.0,"Guggenheim, Mr. Benjamin",1,46.0,0,0,PC 17593,79.2,B82 B84,PORT C,Mr,False,"(32.252, 48.168]"
852,791,0,3.0,"Keane, Mr. Andrew ""Andy""",1,30.0,0,0,12460,7.75,,,Mr,False,"(16.336, 32.252]"
853,792,0,2.0,"Gaskell, Mr. Alfred",1,16.0,0,0,239865,26.0,,PORT S,Mr,True,"(0.34, 16.336]"
854,793,0,1.0,"Sage, Miss. Stella Anna",0,22.0,8,2,CA. 2343,69.55,,PORT S,Miss,False,"(16.336, 32.252]"
855,794,0,2.0,"Hoyt, Mr. William Fisher",1,30.0,0,0,PC 17600,30.6958,,,Mr,False,"(16.336, 32.252]"
856,795,0,3.0,"Dantcheff, Mr. Ristiu",1,25.0,0,0,349203,7.8958,,,Mr,False,"(16.336, 32.252]"
857,796,0,2.0,"Otter, Mr. Richard",1,39.0,0,0,28213,13.0,,PORT S,Mr,False,"(32.252, 48.168]"
858,797,1,1.0,"Leader, Dr. Alice (Farnham)",0,49.0,0,0,17465,25.9292,D17,PORT S,Mr,False,"(48.168, 64.084]"
859,798,1,3.0,"Osman, Mrs. Mara",0,31.0,0,0,349244,8.6833,,,Mrs,False,"(16.336, 32.252]"
860,799,0,3.0,"Ibrahim Shawah, Mr. Yousseff",1,30.0,0,0,2685,7.2292,,,Mr,False,"(16.336, 32.252]"
861,800,0,3.0,"Van Impe, Mrs. Jean Baptiste (Rosalie Paula Govaert)",0,30.0,1,1,345773,24.15,,,Mrs,False,"(16.336, 32.252]"
862,801,0,2.0,"Ponesell, Mr. Martin",1,34.0,0,0,250647,23.173708021390375,,,Mr,False,"(32.252, 48.168]"
863,802,1,2.0,"Collyer, Mrs. Harvey (Charlotte Annie Tate)",0,31.0,1,1,C.A. 31921,26.25,,PORT S,Mrs,False,"(16.336, 32.252]"
864,803,1,1.0,"Carter, Master. William Thornton II",1,11.0,1,2,113760,120.0,B96 B98,,Master,True,"(0.34, 16.336]"
865,804,1,3.0,"Thomas, Master. Assad Alexander",1,0.42,0,1,2625,0.0,,,Master,True,"(0.34, 16.336]"
866,805,1,3.0,"Hedman, Mr. Oskar Arvid",1,27.0,0,0,347089,6.975,,PORT S,Mr,False,"(16.336, 32.252]"
867,806,0,3.0,"Johansson, Mr. Karl Johan",1,31.0,0,0,347063,7.775,,,Mr,False,"(16.336, 32.252]"
868,807,0,1.0,"Andrews, Mr. Thomas Jr",1,39.0,0,0,112050,88.94929842105263,A36,PORT S,Mr,False,"(32.252, 48.168]"
869,808,0,3.0,"Pettersson, Miss. Ellen Natalia",0,18.0,0,0,347087,7.775,,PORT S,Miss,True,"(16.336, 32.252]"
870,809,0,2.0,"Meyer, Mr. August",1,39.0,0,0,248723,13.0,,PORT S,Mr,False,"(32.252, 48.168]"
871,810,1,1.0,"Chambers, Mrs. Norman Campbell (Bertha Griggs)",0,33.0,1,0,113806,53.1,E8,PORT S,Mrs,False,"(32.252, 48.168]"
872,811,0,3.0,"Alexander, Mr. William",1,26.0,0,0,3474,7.8875,,,Mr,False,"(16.336, 32.252]"
873,812,0,3.0,"Lester, Mr. James",1,39.0,0,0,A/4 48871,24.15,,PORT S,Mr,False,"(32.252, 48.168]"
874,813,0,2.0,"Slemen, Mr. Richard James",1,35.0,0,0,28206,10.5,,PORT S,Mr,False,"(32.252, 48.168]"
875,814,0,3.0,"Andersson, Miss. Ebba Iris Alfrida",0,6.0,4,2,347082,31.275,,PORT S,Miss,True,"(0.34, 16.336]"
876,815,0,3.0,"Tomlin, Mr. Ernest Portage",1,30.5,0,0,364499,8.05,,,Mr,False,"(16.336, 32.252]"
877,816,0,1.0,"Fry, Mr. Richard",1,30.0,0,0,112058,88.94929842105263,B102,,Mr,False,"(16.336, 32.252]"
878,817,0,3.0,"Heininen, Miss. Wendla Maria",0,23.0,0,0,STON/O2. 3101290,7.925,,,Miss,False,"(16.336, 32.252]"
879,818,0,2.0,"Mallet, Mr. Albert",1,31.0,1,1,S.C./PARIS 2079,37.0042,,PORT C,Mr,False,"(16.336, 32.252]"
880,821,1,1.0,"Hays, Mrs. Charles Melville (Clara Jennings Gregg)",0,52.0,1,1,12749,93.5,B69,PORT S,Mrs,False,"(48.168, 64.084]"
881,822,1,3.0,"Lulic, Mr. Nikola",1,27.0,0,0,315098,8.6625,,,Mr,False,"(16.336, 32.252]"
882,824,1,3.0,"Moor, Mrs. (Beila)",0,27.0,0,1,392096,12.475,E121,,Mrs,False,"(16.336, 32.252]"
883,825,0,3.0,"Panula, Master. Urho Abraham",1,2.0,4,1,3101295,39.6875,,,Master,True,"(0.34, 16.336]"
884,826,0,3.0,"Flynn, Mr. John",1,30.0,0,0,368323,6.95,,,Mr,False,"(16.336, 32.252]"
885,827,0,3.0,"Lam, Mr. Len",1,30.0,0,0,1601,56.4958,,,Mr,False,"(16.336, 32.252]"
886,828,1,2.0,"Mallet, Master. Andre",1,1.0,0,2,S.C./PARIS 2079,0.0,,,Master,True,"(0.34, 16.336]"
887,829,1,3.0,"McCormack, Mr. Thomas Joseph",1,30.0,0,0,367228,7.75,,PORT Q,Mr,False,"(16.336, 32.252]"
888,830,1,1.0,"Stone, Mrs. George Nelson (Martha Evelyn)",0,62.0,0,0,113572,80.0,B28,,Mrs,False,"(48.168, 64.084]"
889,831,1,3.0,"Yasbeck, Mrs. Antoni (Selini Alexander)",0,15.0,1,0,2659,14.4542,,PORT C,Mrs,True,"(0.34, 16.336]"
890,832,1,2.0,"Richards, Master. George Sibley",1,0.83,1,1,29106,0.0,,PORT S,Master,True,"(0.34, 16.336]"
891,834,0,3.0,"Augustsson, Mr. Albert",1,23.0,0,0,347468,7.8542,,,Mr,False,"(16.336, 32.252]"
892,835,0,3.0,"Allum, Mr. Owen George",1,18.0,0,0,2223,13.309546220302375,,,Mr,True,"(16.336, 32.252]"
893,836,1,1.0,"Compton, Miss. Sara Rebecca",0,39.0,1,1,PC 17756,83.1583,E49,,Miss,False,"(32.252, 48.168]"
894,837,0,3.0,"Pasic, Mr. Jakob",1,21.0,0,0,315097,8.6625,,,Mr,False,"(16.336, 32.252]"
895,838,0,3.0,"Sirota, Mr. Maurice",1,30.0,0,0,392092,8.05,,PORT S,Mr,False,"(16.336, 32.252]"
896,839,1,3.0,"Chip, Mr. Chang",1,32.0,0,0,1601,13.309546220302375,,PORT S,Mr,False,"(16.336, 32.252]"
897,840,1,1.0,"Marechal, Mr. Pierre",1,30.0,0,0,11774,29.7,C47,,Mr,False,"(16.336, 32.252]"
898,841,0,3.0,"Alhomaki, Mr. Ilmari Rudolf",1,20.0,0,0,SOTON/O2 3101287,7.925,,PORT S,Mr,False,"(16.336, 32.252]"
899,842,0,2.0,"Mudd, Mr. Thomas Charles",1,16.0,0,0,S.O./P.P. 3,10.5,,,Mr,True,"(0.34, 16.336]"
900,844,0,3.0,"Lemberopolous, Mr. Peter L",1,34.5,0,0,2683,6.4375,,,Mr,False,"(32.252, 48.168]"
901,845,0,3.0,"Culumovic, Mr. Jeso",1,17.0,0,0,315090,8.6625,,,Mr,True,"(16.336, 32.252]"
903,847,0,1.0,"Sage, Mr. Douglas Bullen",1,30.0,8,2,CA. 2343,69.55,,,Mr,False,"(16.336, 32.252]"
904,848,0,3.0,"Markoff, Mr. Marin",1,35.0,0,0,349213,7.8958,,PORT C,Mr,False,"(32.252, 48.168]"
905,849,0,2.0,"Harper, Rev. John",1,28.0,0,1,248727,33.0,,,Mr,False,"(16.336, 32.252]"
906,850,1,1.0,"Goldenberg, Mrs. Samuel L (Edwiga Grabowska)",0,35.0,1,0,17453,89.1042,C92,,Mrs,False,"(32.252, 48.168]"
907,851,0,3.0,"Andersson, Master. Sigvard Harald Elias",1,4.0,4,2,347082,31.275,,PORT S,Master,True,"(0.34, 16.336]"
908,852,0,3.0,"Svensson, Mr. Johan",1,74.0,0,0,347060,7.775,,PORT S,Mr,False,"(64.084, 80.0]"
909,853,0,3.0,"Boulos, Miss. Nourelain",0,9.0,1,1,2678,15.2458,,,Miss,True,"(0.34, 16.336]"
910,854,1,2.0,"Lines, Miss. Mary Conover",0,16.0,0,1,PC 17592,39.4,D28,,Miss,True,"(0.34, 16.336]"
911,855,0,2.0,"Carter, Mrs. Ernest Courtenay (Lilian Hughes)",0,44.0,1,0,244252,26.0,,,Mrs,False,"(32.252, 48.168]"
912,856,1,3.0,"Aks, Mrs. Sam (Leah Rosen)",0,18.0,0,1,392091,9.35,,,Mrs,True,"(16.336, 32.252]"
913,857,1,1.0,"Wick, Mrs. George Dennick (Mary Hitchcock)",0,45.0,1,1,36928,164.8667,,PORT S,Mrs,False,"(32.252, 48.168]"
914,858,1,1.0,"Daly, Mr. Peter Denis ",1,51.0,0,0,113055,26.55,E17,PORT S,Mr,False,"(48.168, 64.084]"
915,859,1,3.0,"Baclini, Mrs. Solomon (Latifa Qurban)",0,24.0,0,3,2666,19.2583,,PORT C,Mrs,False,"(16.336, 32.252]"
916,860,0,3.0,"Razi, Mr. Raihed",1,30.0,0,0,2629,7.2292,,PORT C,Mr,False,"(16.336, 32.252]"
917,861,0,3.0,"Hansen, Mr. Claus Peter",1,41.0,2,0,350026,14.1083,,PORT S,Mr,False,"(32.252, 48.168]"
918,862,0,2.0,"Giles, Mr. Frederick Edward",1,21.0,1,0,28134,11.5,,,Mr,False,"(16.336, 32.252]"
919,863,1,1.0,"Swift, Mrs. Frederick Joel (Margaret Welles Barron)",0,48.0,0,0,17466,25.9292,D17,PORT S,Mrs,False,"(32.252, 48.168]"
920,864,0,3.0,"Sage, Miss. Dorothy Edith ""Dolly""",0,22.0,8,2,CA. 2343,69.55,,,Miss,False,"(16.336, 32.252]"
921,865,0,2.0,"Gill, Mr. John William",1,24.0,0,0,233866,13.0,,PORT S,Mr,False,"(16.336, 32.252]"
922,866,1,2.0,"Bystrom, Mrs. (Karolina)",0,42.0,0,0,236852,13.0,,PORT S,Mrs,False,"(32.252, 48.168]"
923,867,1,2.0,"Duran y More, Miss. Asuncion",0,27.0,1,0,SC/PARIS 2149,13.8583,,,Miss,False,"(16.336, 32.252]"
924,868,0,2.0,"Roebling, Mr. Washington Augustus II",1,31.0,0,0,PC 17590,50.4958,A24,PORT S,Mr,False,"(16.336, 32.252]"
925,869,0,3.0,"van Melkebeke, Mr. Philemon",1,30.0,0,0,345777,9.5,,PORT S,Mr,False,"(16.336, 32.252]"
926,871,0,3.0,"Balkic, Mr. Cerin",1,26.0,0,0,349248,7.8958,,PORT S,Mr,False,"(16.336, 32.252]"
927,872,1,1.0,"Beckwith, Mrs. Richard Leonard (Sallie Monypeny)",0,47.0,1,1,11751,52.5542,D35,PORT S,Mrs,False,"(32.252, 48.168]"
928,873,0,1.0,"Carlsson, Mr. Frans Olof",1,33.0,0,0,695,5.0,B51 B53 B55,,Mr,False,"(32.252, 48.168]"
929,874,0,3.0,"Vander Cruyssen, Mr. Victor",1,47.0,0,0,345765,9.0,,PORT S,Mr,False,"(32.252, 48.168]"
930,875,1,2.0,"Abelson, Mrs. Samuel (Hannah Wizosky)",0,28.0,1,0,P/PP 3381,24.0,,,Mrs,False,"(16.336, 32.252]"
931,876,1,3.0,"Najib, Miss. Adele Kiamie ""Jane""",0,15.0,0,0,2667,7.225,,,Miss,True,"(0.34, 16.336]"
932,878,0,3.0,"Petroff, Mr. Nedelio",1,19.0,0,0,349212,7.8958,,PORT S,Mr,False,"(16.336, 32.252]"
933,880,1,1.0,"Potter, Mrs. Thomas Jr (Lily Alexenia Wilson)",0,56.0,0,1,11767,83.1583,C50,PORT C,Mrs,False,"(48.168, 64.084]"
934,881,1,2.0,"Shelley, Mrs. William (Imanita Parrish Hall)",0,25.0,0,1,230433,26.0,,,Mrs,False,"(16.336, 32.252]"
935,882,0,3.0,"Markun, Mr. Johann",1,33.0,0,0,349257,7.8958,,PORT S,Mr,False,"(32.252, 48.168]"
936,883,0,3.0,"Dahlberg, Miss. Gerda Ulrika",0,22.0,0,0,7552,10.5167,,PORT S,Miss,False,"(16.336, 32.252]"
937,884,0,2.0,"Banfield, Mr. Frederick James",1,28.0,0,0,C.A./SOTON 34068,10.5,,PORT S,Mr,False,"(16.336, 32.252]"
938,885,0,3.0,"Sutehall, Mr. Henry Jr",1,25.0,0,0,SOTON/OQ 392076,7.05,,PORT S,Mr,False,"(16.336, 32.252]"
939,886,0,3.0,"Rice, Mrs. William (Margaret Norton)",0,39.0,0,5,382652,13.309546220302375,,PORT Q,Mrs,False,"(32.252, 48.168]"
940,887,0,2.0,"Montvila, Rev. Juozas",1,27.0,0,0,211536,13.0,,PORT S,Mr,False,"(16.336, 32.252]"
941,888,1,1.0,"Graham, Miss. Margaret Edith",0,19.0,0,0,112053,30.0,B42,PORT S,Miss,False,"(16.336, 32.252]"
942,889,0,3.0,"Johnston, Miss. Catherine Helen ""Carrie""",0,22.0,1,2,W./C. 6607,23.45,,PORT S,Miss,False,"(16.336, 32.252]"
943,890,1,1.0,"Behr, Mr. Karl Howell",1,26.0,0,0,111369,30.0,C148,PORT C,Mr,False,"(16.336, 32.252]"
